method,pq,build_ms,search_ms,search_ms_std,qps,qps_std,recall,k,upload_ms,query_projection_ms,alloc_ms,h2d_ms,memset_ms,kernel_ms,d2h_ms,visited_mean,visited_p95,expanded_mean,expanded_p95,neighbor_slots_mean,distance_evals_mean,distance_evals_p95,frontier_pushes_mean,result_updates_mean,peak_frontier_mean,peak_results_mean,early_stop_rate,ids_path,query_stats_path,batch_stats_path
repro_cpu_raw,10,202849.0,13.7372,0.307724,72831.2,1609.58,0.0276,10,0.0,0.0,0.0,0.0,0.0,0.0,0.0,47.657,95.0,34.231,35.0,1063.39,47.657,95.0,47.657,19.344,45.306,10.0,1.0,/root/2020_song_ex/results/nytimes_full/runs/repro_cpu_raw/pq0010.ids,/root/2020_song_ex/results/nytimes_full/runs/repro_cpu_raw/pq0010_query_stats.csv,
repro_gpu_raw,10,202147.0,1.11014,0.535671,1090560.0,393778.0,0.0273,10,298.58,0.0,0.179821,0.340502,0.0,1.45277,0.031756,47.58,95.0,12.316,13.0,393.984,47.58,95.0,20.892,19.312,10.0,10.0,0.004,/root/2020_song_ex/results/nytimes_full/runs/repro_gpu/repro_gpu_raw_pq0010.ids,/root/2020_song_ex/results/nytimes_full/runs/repro_gpu/repro_gpu_raw_pq0010_query_stats.csv,/root/2020_song_ex/results/nytimes_full/runs/repro_gpu/repro_gpu_raw_pq0010_batch_stats.csv
repro_gpu_hash,10,176189.0,1.83204,0.0221072,545920.0,6536.77,0.1163,10,17.2434,29.4862,0.148116,0.021624,0.0,1.78602,0.024646,352.813,568.1,20.706,31.05,630.592,352.813,568.1,106.746,59.243,10.0,10.0,1.0,/root/2020_song_ex/results/nytimes_full/runs/repro_gpu/repro_gpu_hash_pq0010.ids,/root/2020_song_ex/results/nytimes_full/runs/repro_gpu/repro_gpu_hash_pq0010_query_stats.csv,/root/2020_song_ex/results/nytimes_full/runs/repro_gpu/repro_gpu_hash_pq0010_batch_stats.csv
official_cpu_raw,10,439271.70023322105,880.706907560428,14.098666493945958,1135.7409613251143,18.081298688478743,0.1262,10,0.0,0.0,0.0,0.0,0.0,0.0,0.0,0.0,0.0,0.0,0.0,0.0,0.0,0.0,0.0,0.0,0.0,0.0,0.0,/root/2020_song_ex/results/nytimes_full/runs/official_cpu_raw/official_cpu_raw_pq0010.ids,/root/2020_song_ex/results/nytimes_full/runs/official_cpu_raw/official_cpu_raw_pq0010_query_stats.csv,
official_gpu_raw,10,373007.3073282838,860.1916022598743,194.21926765564123,1216.1892143233445,237.80775993618272,0.2793,10,0.0,0.0,0.0,0.0,0.0,0.0,0.0,0.0,0.0,0.0,0.0,0.0,0.0,0.0,0.0,0.0,0.0,0.0,0.0,/root/2020_song_ex/results/nytimes_full/runs/official_gpu_raw/official_gpu_raw_pq0010.ids,/root/2020_song_ex/results/nytimes_full/runs/official_gpu_raw/official_gpu_raw_pq0010_query_stats.csv,
repro_cpu_raw,20,202849.0,14.2689,0.272609,70107.5,1322.3,0.0283,10,0.0,0.0,0.0,0.0,0.0,0.0,0.0,47.778,95.0,34.345,36.0,1067.04,47.778,95.0,47.778,32.378,45.407,20.0,1.0,/root/2020_song_ex/results/nytimes_full/runs/repro_cpu_raw/pq0020.ids,/root/2020_song_ex/results/nytimes_full/runs/repro_cpu_raw/pq0020_query_stats.csv,
repro_gpu_raw,20,202147.0,1.01825,0.016713,982339.0,16005.6,0.0259,10,298.58,0.0,0.118456,0.10328,0.0,0.883428,0.02221,47.701,95.0,22.354,23.05,715.296,47.701,95.0,33.795,32.344,20.0,20.0,0.001,/root/2020_song_ex/results/nytimes_full/runs/repro_gpu/repro_gpu_raw_pq0020.ids,/root/2020_song_ex/results/nytimes_full/runs/repro_gpu/repro_gpu_raw_pq0020_query_stats.csv,/root/2020_song_ex/results/nytimes_full/runs/repro_gpu/repro_gpu_raw_pq0020_batch_stats.csv
repro_gpu_hash,20,176189.0,3.56756,0.00535435,280304.0,420.26,0.166,10,17.2434,29.4862,0.117349,0.018211,0.0,3.50441,0.022149,572.894,900.15,35.9,55.0,1116.8,572.894,900.15,194.348,110.098,20.0,20.0,1.0,/root/2020_song_ex/results/nytimes_full/runs/repro_gpu/repro_gpu_hash_pq0020.ids,/root/2020_song_ex/results/nytimes_full/runs/repro_gpu/repro_gpu_hash_pq0020_query_stats.csv,/root/2020_song_ex/results/nytimes_full/runs/repro_gpu/repro_gpu_hash_pq0020_batch_stats.csv
official_cpu_raw,20,439271.70023322105,985.3004689017931,4.657129039840974,1014.9415775234544,4.8124616193027085,0.1785,10,0.0,0.0,0.0,0.0,0.0,0.0,0.0,0.0,0.0,0.0,0.0,0.0,0.0,0.0,0.0,0.0,0.0,0.0,0.0,/root/2020_song_ex/results/nytimes_full/runs/official_cpu_raw/official_cpu_raw_pq0020.ids,/root/2020_song_ex/results/nytimes_full/runs/official_cpu_raw/official_cpu_raw_pq0020_query_stats.csv,
official_gpu_raw,20,373007.3073282838,701.3475286463896,10.067063501992385,1426.1233858171836,20.672657483341762,0.2793,10,0.0,0.0,0.0,0.0,0.0,0.0,0.0,0.0,0.0,0.0,0.0,0.0,0.0,0.0,0.0,0.0,0.0,0.0,0.0,/root/2020_song_ex/results/nytimes_full/runs/official_gpu_raw/official_gpu_raw_pq0020.ids,/root/2020_song_ex/results/nytimes_full/runs/official_gpu_raw/official_gpu_raw_pq0020_query_stats.csv,
repro_cpu_raw,30,202849.0,14.6406,0.245044,68322.3,1133.13,0.0283,10,0.0,0.0,0.0,0.0,0.0,0.0,0.0,47.78,95.0,34.355,36.0,1067.36,47.78,95.0,47.78,44.089,45.407,30.0,1.0,/root/2020_song_ex/results/nytimes_full/runs/repro_cpu_raw/pq0030.ids,/root/2020_song_ex/results/nytimes_full/runs/repro_cpu_raw/pq0030_query_stats.csv,
repro_gpu_raw,30,202147.0,1.22581,0.00920952,815831.0,6109.74,0.0269,10,298.58,0.0,0.113063,0.084408,0.0,1.10031,0.021257,47.779,95.0,32.357,34.0,1035.39,47.779,95.0,45.371,44.089,30.0,30.0,0.001,/root/2020_song_ex/results/nytimes_full/runs/repro_gpu/repro_gpu_raw_pq0030.ids,/root/2020_song_ex/results/nytimes_full/runs/repro_gpu/repro_gpu_raw_pq0030_query_stats.csv,/root/2020_song_ex/results/nytimes_full/runs/repro_gpu/repro_gpu_raw_pq0030_batch_stats.csv
repro_gpu_hash,30,176189.0,5.81051,0.0108787,172102.0,321.849,0.19,10,17.2434,29.4862,0.121178,0.01911,0.0,5.75187,0.023847,768.467,1196.05,50.008,75.0,1568.29,768.467,1196.05,272.064,154.286,30.0,30.0,0.999,/root/2020_song_ex/results/nytimes_full/runs/repro_gpu/repro_gpu_hash_pq0030.ids,/root/2020_song_ex/results/nytimes_full/runs/repro_gpu/repro_gpu_hash_pq0030_query_stats.csv,/root/2020_song_ex/results/nytimes_full/runs/repro_gpu/repro_gpu_hash_pq0030_batch_stats.csv
official_cpu_raw,30,439271.70023322105,1099.0771055221558,12.774209131030293,909.9762628975515,10.495969609537868,0.22660000000000002,10,0.0,0.0,0.0,0.0,0.0,0.0,0.0,0.0,0.0,0.0,0.0,0.0,0.0,0.0,0.0,0.0,0.0,0.0,0.0,/root/2020_song_ex/results/nytimes_full/runs/official_cpu_raw/official_cpu_raw_pq0030.ids,/root/2020_song_ex/results/nytimes_full/runs/official_cpu_raw/official_cpu_raw_pq0030_query_stats.csv,
official_gpu_raw,30,373007.3073282838,737.5140699247519,57.68183796280428,1363.9044540503628,102.32461391387643,0.2793,10,0.0,0.0,0.0,0.0,0.0,0.0,0.0,0.0,0.0,0.0,0.0,0.0,0.0,0.0,0.0,0.0,0.0,0.0,0.0,/root/2020_song_ex/results/nytimes_full/runs/official_gpu_raw/official_gpu_raw_pq0030.ids,/root/2020_song_ex/results/nytimes_full/runs/official_gpu_raw/official_gpu_raw_pq0030_query_stats.csv,
repro_cpu_raw,40,202849.0,71.1056,2.37824,14079.6,479.778,0.1087,10,0.0,0.0,0.0,0.0,0.0,0.0,0.0,205.94,346.05,49.643,68.0,1556.58,205.94,346.05,205.94,85.69,159.74,40.0,1.0,/root/2020_song_ex/results/nytimes_full/runs/repro_cpu_raw/pq0040.ids,/root/2020_song_ex/results/nytimes_full/runs/repro_cpu_raw/pq0040_query_stats.csv,
repro_gpu_raw,40,202147.0,3.42986,0.0758109,291697.0,6348.33,0.1072,10,298.58,0.0,0.112035,0.080438,0.0,3.40355,0.021278,205.87,345.05,49.663,68.0,1557.22,205.87,345.05,169.173,85.652,40.0,40.0,1.0,/root/2020_song_ex/results/nytimes_full/runs/repro_gpu/repro_gpu_raw_pq0040.ids,/root/2020_song_ex/results/nytimes_full/runs/repro_gpu/repro_gpu_raw_pq0040_query_stats.csv,/root/2020_song_ex/results/nytimes_full/runs/repro_gpu/repro_gpu_raw_pq0040_batch_stats.csv
repro_gpu_hash,40,176189.0,9.3325,0.124575,107171.0,1417.43,0.2039,10,17.2434,29.4862,0.120085,0.017413,0.0,9.18345,0.023631,951.31,1474.2,63.242,92.0,1991.74,951.31,1474.2,343.755,194.976,40.0,40.0,1.0,/root/2020_song_ex/results/nytimes_full/runs/repro_gpu/repro_gpu_hash_pq0040.ids,/root/2020_song_ex/results/nytimes_full/runs/repro_gpu/repro_gpu_hash_pq0040_query_stats.csv,/root/2020_song_ex/results/nytimes_full/runs/repro_gpu/repro_gpu_hash_pq0040_batch_stats.csv
official_cpu_raw,40,439271.70023322105,1191.2917904555798,1.3756859186152015,839.426025701463,0.9690535233343092,0.26120000000000004,10,0.0,0.0,0.0,0.0,0.0,0.0,0.0,0.0,0.0,0.0,0.0,0.0,0.0,0.0,0.0,0.0,0.0,0.0,0.0,/root/2020_song_ex/results/nytimes_full/runs/official_cpu_raw/official_cpu_raw_pq0040.ids,/root/2020_song_ex/results/nytimes_full/runs/official_cpu_raw/official_cpu_raw_pq0040_query_stats.csv,
official_gpu_raw,40,373007.3073282838,702.8960225482782,12.51845957904326,1423.141297407404,25.591663693011338,0.2793,10,0.0,0.0,0.0,0.0,0.0,0.0,0.0,0.0,0.0,0.0,0.0,0.0,0.0,0.0,0.0,0.0,0.0,0.0,0.0,/root/2020_song_ex/results/nytimes_full/runs/official_gpu_raw/official_gpu_raw_pq0040.ids,/root/2020_song_ex/results/nytimes_full/runs/official_gpu_raw/official_gpu_raw_pq0040_query_stats.csv,
repro_cpu_raw,50,202849.0,114.446,1.77362,8739.85,136.098,0.1428,10,0.0,0.0,0.0,0.0,0.0,0.0,0.0,302.688,500.1,63.368,85.0,1995.78,302.688,500.1,302.688,131.204,242.522,50.0,1.0,/root/2020_song_ex/results/nytimes_full/runs/repro_cpu_raw/pq0050.ids,/root/2020_song_ex/results/nytimes_full/runs/repro_cpu_raw/pq0050_query_stats.csv,
repro_gpu_raw,50,202147.0,4.3699,0.0298824,228849.0,1557.42,0.1417,10,298.58,0.0,0.112796,0.079469,0.0,4.27998,0.020815,302.68,502.05,63.392,85.0,1996.54,302.68,502.05,233.098,131.125,50.0,50.0,1.0,/root/2020_song_ex/results/nytimes_full/runs/repro_gpu/repro_gpu_raw_pq0050.ids,/root/2020_song_ex/results/nytimes_full/runs/repro_gpu/repro_gpu_raw_pq0050_query_stats.csv,/root/2020_song_ex/results/nytimes_full/runs/repro_gpu/repro_gpu_raw_pq0050_batch_stats.csv
repro_gpu_hash,50,176189.0,11.6968,0.0460153,85495.0,335.414,0.218,10,17.2434,29.4862,0.128168,0.019166,0.0,11.6875,0.023388,1121.44,1670.5,76.117,106.05,2403.74,1121.44,1670.5,412.217,233.372,50.0,50.0,1.0,/root/2020_song_ex/results/nytimes_full/runs/repro_gpu/repro_gpu_hash_pq0050.ids,/root/2020_song_ex/results/nytimes_full/runs/repro_gpu/repro_gpu_hash_pq0050_query_stats.csv,/root/2020_song_ex/results/nytimes_full/runs/repro_gpu/repro_gpu_hash_pq0050_batch_stats.csv
official_cpu_raw,50,439271.70023322105,1266.4078623056412,12.663146118907484,789.7142742860862,7.925973095856841,0.2813,10,0.0,0.0,0.0,0.0,0.0,0.0,0.0,0.0,0.0,0.0,0.0,0.0,0.0,0.0,0.0,0.0,0.0,0.0,0.0,/root/2020_song_ex/results/nytimes_full/runs/official_cpu_raw/official_cpu_raw_pq0050.ids,/root/2020_song_ex/results/nytimes_full/runs/official_cpu_raw/official_cpu_raw_pq0050_query_stats.csv,
official_gpu_raw,50,373007.3073282838,746.5097506841024,68.2301303807245,1350.2202945640736,116.59790625388331,0.2793,10,0.0,0.0,0.0,0.0,0.0,0.0,0.0,0.0,0.0,0.0,0.0,0.0,0.0,0.0,0.0,0.0,0.0,0.0,0.0,/root/2020_song_ex/results/nytimes_full/runs/official_gpu_raw/official_gpu_raw_pq0050.ids,/root/2020_song_ex/results/nytimes_full/runs/official_gpu_raw/official_gpu_raw_pq0050_query_stats.csv,
