query_id,method,pq,recall
0,official_gpu_raw,10,0.8
1,official_gpu_raw,10,0.7
2,official_gpu_raw,10,0.8
3,official_gpu_raw,10,1.0
4,official_gpu_raw,10,1.0
5,official_gpu_raw,10,0.5
6,official_gpu_raw,10,1.0
7,official_gpu_raw,10,1.0
8,official_gpu_raw,10,0.9
9,official_gpu_raw,10,1.0
10,official_gpu_raw,10,0.9
11,official_gpu_raw,10,0.8
12,official_gpu_raw,10,0.9
13,official_gpu_raw,10,1.0
14,official_gpu_raw,10,0.8
15,official_gpu_raw,10,0.8
16,official_gpu_raw,10,0.9
17,official_gpu_raw,10,0.7
18,official_gpu_raw,10,0.8
19,official_gpu_raw,10,0.9
20,official_gpu_raw,10,1.0
21,official_gpu_raw,10,1.0
22,official_gpu_raw,10,1.0
23,official_gpu_raw,10,0.9
24,official_gpu_raw,10,1.0
25,official_gpu_raw,10,1.0
26,official_gpu_raw,10,0.9
27,official_gpu_raw,10,0.9
28,official_gpu_raw,10,0.8
29,official_gpu_raw,10,0.9
30,official_gpu_raw,10,0.9
31,official_gpu_raw,10,0.9
32,official_gpu_raw,10,1.0
33,official_gpu_raw,10,1.0
34,official_gpu_raw,10,0.9
35,official_gpu_raw,10,1.0
36,official_gpu_raw,10,1.0
37,official_gpu_raw,10,1.0
38,official_gpu_raw,10,1.0
39,official_gpu_raw,10,1.0
40,official_gpu_raw,10,1.0
41,official_gpu_raw,10,0.8
42,official_gpu_raw,10,1.0
43,official_gpu_raw,10,0.6
44,official_gpu_raw,10,1.0
45,official_gpu_raw,10,1.0
46,official_gpu_raw,10,1.0
47,official_gpu_raw,10,0.7
48,official_gpu_raw,10,1.0
49,official_gpu_raw,10,1.0
50,official_gpu_raw,10,1.0
51,official_gpu_raw,10,0.9
52,official_gpu_raw,10,1.0
53,official_gpu_raw,10,0.9
54,official_gpu_raw,10,0.9
55,official_gpu_raw,10,1.0
56,official_gpu_raw,10,0.8
57,official_gpu_raw,10,1.0
58,official_gpu_raw,10,1.0
59,official_gpu_raw,10,1.0
60,official_gpu_raw,10,0.8
61,official_gpu_raw,10,1.0
62,official_gpu_raw,10,1.0
63,official_gpu_raw,10,1.0
64,official_gpu_raw,10,1.0
65,official_gpu_raw,10,1.0
66,official_gpu_raw,10,1.0
67,official_gpu_raw,10,1.0
68,official_gpu_raw,10,0.9
69,official_gpu_raw,10,0.8
70,official_gpu_raw,10,1.0
71,official_gpu_raw,10,1.0
72,official_gpu_raw,10,0.7
73,official_gpu_raw,10,1.0
74,official_gpu_raw,10,0.5
75,official_gpu_raw,10,0.7
76,official_gpu_raw,10,1.0
77,official_gpu_raw,10,0.7
78,official_gpu_raw,10,0.9
79,official_gpu_raw,10,1.0
80,official_gpu_raw,10,1.0
81,official_gpu_raw,10,0.8
82,official_gpu_raw,10,0.9
83,official_gpu_raw,10,1.0
84,official_gpu_raw,10,0.8
85,official_gpu_raw,10,1.0
86,official_gpu_raw,10,1.0
87,official_gpu_raw,10,1.0
88,official_gpu_raw,10,1.0
89,official_gpu_raw,10,1.0
90,official_gpu_raw,10,1.0
91,official_gpu_raw,10,0.9
92,official_gpu_raw,10,0.7
93,official_gpu_raw,10,1.0
94,official_gpu_raw,10,1.0
95,official_gpu_raw,10,1.0
96,official_gpu_raw,10,0.6
97,official_gpu_raw,10,0.8
98,official_gpu_raw,10,1.0
99,official_gpu_raw,10,1.0
100,official_gpu_raw,10,1.0
101,official_gpu_raw,10,1.0
102,official_gpu_raw,10,1.0
103,official_gpu_raw,10,1.0
104,official_gpu_raw,10,1.0
105,official_gpu_raw,10,0.8
106,official_gpu_raw,10,0.9
107,official_gpu_raw,10,1.0
108,official_gpu_raw,10,0.9
109,official_gpu_raw,10,1.0
110,official_gpu_raw,10,1.0
111,official_gpu_raw,10,1.0
112,official_gpu_raw,10,1.0
113,official_gpu_raw,10,1.0
114,official_gpu_raw,10,1.0
115,official_gpu_raw,10,0.9
116,official_gpu_raw,10,1.0
117,official_gpu_raw,10,0.9
118,official_gpu_raw,10,1.0
119,official_gpu_raw,10,1.0
120,official_gpu_raw,10,0.7
121,official_gpu_raw,10,0.8
122,official_gpu_raw,10,1.0
123,official_gpu_raw,10,1.0
124,official_gpu_raw,10,1.0
125,official_gpu_raw,10,1.0
126,official_gpu_raw,10,0.7
127,official_gpu_raw,10,1.0
128,official_gpu_raw,10,0.9
129,official_gpu_raw,10,1.0
130,official_gpu_raw,10,0.8
131,official_gpu_raw,10,1.0
132,official_gpu_raw,10,0.9
133,official_gpu_raw,10,0.8
134,official_gpu_raw,10,0.9
135,official_gpu_raw,10,0.7
136,official_gpu_raw,10,1.0
137,official_gpu_raw,10,1.0
138,official_gpu_raw,10,1.0
139,official_gpu_raw,10,0.7
140,official_gpu_raw,10,0.9
141,official_gpu_raw,10,1.0
142,official_gpu_raw,10,0.8
143,official_gpu_raw,10,1.0
144,official_gpu_raw,10,0.9
145,official_gpu_raw,10,1.0
146,official_gpu_raw,10,0.9
147,official_gpu_raw,10,1.0
148,official_gpu_raw,10,1.0
149,official_gpu_raw,10,1.0
150,official_gpu_raw,10,0.7
151,official_gpu_raw,10,1.0
152,official_gpu_raw,10,1.0
153,official_gpu_raw,10,1.0
154,official_gpu_raw,10,0.8
155,official_gpu_raw,10,0.8
156,official_gpu_raw,10,0.8
157,official_gpu_raw,10,0.5
158,official_gpu_raw,10,0.8
159,official_gpu_raw,10,0.7
160,official_gpu_raw,10,0.8
161,official_gpu_raw,10,0.9
162,official_gpu_raw,10,0.8
163,official_gpu_raw,10,0.8
164,official_gpu_raw,10,1.0
165,official_gpu_raw,10,1.0
166,official_gpu_raw,10,0.9
167,official_gpu_raw,10,1.0
168,official_gpu_raw,10,1.0
169,official_gpu_raw,10,1.0
170,official_gpu_raw,10,0.9
171,official_gpu_raw,10,0.6
172,official_gpu_raw,10,0.8
173,official_gpu_raw,10,0.8
174,official_gpu_raw,10,0.8
175,official_gpu_raw,10,1.0
176,official_gpu_raw,10,1.0
177,official_gpu_raw,10,0.8
178,official_gpu_raw,10,0.3
179,official_gpu_raw,10,0.7
180,official_gpu_raw,10,0.9
181,official_gpu_raw,10,0.8
182,official_gpu_raw,10,1.0
183,official_gpu_raw,10,0.9
184,official_gpu_raw,10,0.9
185,official_gpu_raw,10,1.0
186,official_gpu_raw,10,0.9
187,official_gpu_raw,10,1.0
188,official_gpu_raw,10,0.9
189,official_gpu_raw,10,1.0
190,official_gpu_raw,10,1.0
191,official_gpu_raw,10,1.0
192,official_gpu_raw,10,0.8
193,official_gpu_raw,10,1.0
194,official_gpu_raw,10,1.0
195,official_gpu_raw,10,1.0
196,official_gpu_raw,10,0.6
197,official_gpu_raw,10,1.0
198,official_gpu_raw,10,1.0
199,official_gpu_raw,10,0.4
200,official_gpu_raw,10,1.0
201,official_gpu_raw,10,0.8
202,official_gpu_raw,10,1.0
203,official_gpu_raw,10,1.0
204,official_gpu_raw,10,1.0
205,official_gpu_raw,10,1.0
206,official_gpu_raw,10,1.0
207,official_gpu_raw,10,0.9
208,official_gpu_raw,10,1.0
209,official_gpu_raw,10,1.0
210,official_gpu_raw,10,0.6
211,official_gpu_raw,10,1.0
212,official_gpu_raw,10,1.0
213,official_gpu_raw,10,0.8
214,official_gpu_raw,10,0.6
215,official_gpu_raw,10,1.0
216,official_gpu_raw,10,0.6
217,official_gpu_raw,10,0.7
218,official_gpu_raw,10,0.7
219,official_gpu_raw,10,0.9
220,official_gpu_raw,10,1.0
221,official_gpu_raw,10,1.0
222,official_gpu_raw,10,0.3
223,official_gpu_raw,10,0.6
224,official_gpu_raw,10,1.0
225,official_gpu_raw,10,0.3
226,official_gpu_raw,10,0.5
227,official_gpu_raw,10,0.5
228,official_gpu_raw,10,0.9
229,official_gpu_raw,10,0.9
230,official_gpu_raw,10,1.0
231,official_gpu_raw,10,1.0
232,official_gpu_raw,10,1.0
233,official_gpu_raw,10,0.8
234,official_gpu_raw,10,0.9
235,official_gpu_raw,10,0.8
236,official_gpu_raw,10,1.0
237,official_gpu_raw,10,1.0
238,official_gpu_raw,10,0.9
239,official_gpu_raw,10,0.7
240,official_gpu_raw,10,1.0
241,official_gpu_raw,10,0.5
242,official_gpu_raw,10,0.8
243,official_gpu_raw,10,0.7
244,official_gpu_raw,10,0.8
245,official_gpu_raw,10,1.0
246,official_gpu_raw,10,0.6
247,official_gpu_raw,10,1.0
248,official_gpu_raw,10,0.7
249,official_gpu_raw,10,0.9
250,official_gpu_raw,10,0.0
251,official_gpu_raw,10,0.9
252,official_gpu_raw,10,0.4
253,official_gpu_raw,10,1.0
254,official_gpu_raw,10,0.7
255,official_gpu_raw,10,0.8
256,official_gpu_raw,10,0.8
257,official_gpu_raw,10,0.8
258,official_gpu_raw,10,0.9
259,official_gpu_raw,10,0.5
260,official_gpu_raw,10,0.7
261,official_gpu_raw,10,0.8
262,official_gpu_raw,10,0.7
263,official_gpu_raw,10,1.0
264,official_gpu_raw,10,1.0
265,official_gpu_raw,10,1.0
266,official_gpu_raw,10,1.0
267,official_gpu_raw,10,0.9
268,official_gpu_raw,10,0.7
269,official_gpu_raw,10,1.0
270,official_gpu_raw,10,0.8
271,official_gpu_raw,10,1.0
272,official_gpu_raw,10,0.9
273,official_gpu_raw,10,0.9
274,official_gpu_raw,10,0.5
275,official_gpu_raw,10,0.9
276,official_gpu_raw,10,0.5
277,official_gpu_raw,10,0.8
278,official_gpu_raw,10,0.9
279,official_gpu_raw,10,0.9
280,official_gpu_raw,10,0.9
281,official_gpu_raw,10,1.0
282,official_gpu_raw,10,1.0
283,official_gpu_raw,10,0.9
284,official_gpu_raw,10,0.8
285,official_gpu_raw,10,0.6
286,official_gpu_raw,10,0.9
287,official_gpu_raw,10,1.0
288,official_gpu_raw,10,0.9
289,official_gpu_raw,10,0.3
290,official_gpu_raw,10,1.0
291,official_gpu_raw,10,0.8
292,official_gpu_raw,10,1.0
293,official_gpu_raw,10,0.8
294,official_gpu_raw,10,1.0
295,official_gpu_raw,10,0.9
296,official_gpu_raw,10,0.9
297,official_gpu_raw,10,0.9
298,official_gpu_raw,10,0.5
299,official_gpu_raw,10,0.9
300,official_gpu_raw,10,0.6
301,official_gpu_raw,10,0.9
302,official_gpu_raw,10,1.0
303,official_gpu_raw,10,1.0
304,official_gpu_raw,10,0.7
305,official_gpu_raw,10,0.3
306,official_gpu_raw,10,0.6
307,official_gpu_raw,10,0.5
308,official_gpu_raw,10,0.9
309,official_gpu_raw,10,0.9
310,official_gpu_raw,10,0.4
311,official_gpu_raw,10,0.6
312,official_gpu_raw,10,1.0
313,official_gpu_raw,10,0.7
314,official_gpu_raw,10,1.0
315,official_gpu_raw,10,1.0
316,official_gpu_raw,10,1.0
317,official_gpu_raw,10,0.9
318,official_gpu_raw,10,0.8
319,official_gpu_raw,10,0.6
320,official_gpu_raw,10,0.5
321,official_gpu_raw,10,0.9
322,official_gpu_raw,10,0.8
323,official_gpu_raw,10,0.9
324,official_gpu_raw,10,0.9
325,official_gpu_raw,10,0.8
326,official_gpu_raw,10,0.7
327,official_gpu_raw,10,1.0
328,official_gpu_raw,10,1.0
329,official_gpu_raw,10,0.8
330,official_gpu_raw,10,1.0
331,official_gpu_raw,10,0.8
332,official_gpu_raw,10,1.0
333,official_gpu_raw,10,0.7
334,official_gpu_raw,10,1.0
335,official_gpu_raw,10,1.0
336,official_gpu_raw,10,0.9
337,official_gpu_raw,10,0.9
338,official_gpu_raw,10,0.7
339,official_gpu_raw,10,1.0
340,official_gpu_raw,10,1.0
341,official_gpu_raw,10,1.0
342,official_gpu_raw,10,0.9
343,official_gpu_raw,10,1.0
344,official_gpu_raw,10,1.0
345,official_gpu_raw,10,0.6
346,official_gpu_raw,10,1.0
347,official_gpu_raw,10,0.9
348,official_gpu_raw,10,0.6
349,official_gpu_raw,10,0.9
350,official_gpu_raw,10,0.9
351,official_gpu_raw,10,0.9
352,official_gpu_raw,10,0.7
353,official_gpu_raw,10,0.9
354,official_gpu_raw,10,0.9
355,official_gpu_raw,10,0.9
356,official_gpu_raw,10,1.0
357,official_gpu_raw,10,1.0
358,official_gpu_raw,10,1.0
359,official_gpu_raw,10,0.9
360,official_gpu_raw,10,0.9
361,official_gpu_raw,10,0.8
362,official_gpu_raw,10,0.8
363,official_gpu_raw,10,1.0
364,official_gpu_raw,10,0.8
365,official_gpu_raw,10,1.0
366,official_gpu_raw,10,1.0
367,official_gpu_raw,10,0.7
368,official_gpu_raw,10,0.8
369,official_gpu_raw,10,1.0
370,official_gpu_raw,10,1.0
371,official_gpu_raw,10,1.0
372,official_gpu_raw,10,1.0
373,official_gpu_raw,10,0.8
374,official_gpu_raw,10,1.0
375,official_gpu_raw,10,1.0
376,official_gpu_raw,10,0.7
377,official_gpu_raw,10,1.0
378,official_gpu_raw,10,1.0
379,official_gpu_raw,10,0.9
380,official_gpu_raw,10,1.0
381,official_gpu_raw,10,0.9
382,official_gpu_raw,10,0.8
383,official_gpu_raw,10,0.8
384,official_gpu_raw,10,1.0
385,official_gpu_raw,10,0.8
386,official_gpu_raw,10,0.6
387,official_gpu_raw,10,1.0
388,official_gpu_raw,10,0.6
389,official_gpu_raw,10,0.9
390,official_gpu_raw,10,1.0
391,official_gpu_raw,10,1.0
392,official_gpu_raw,10,0.5
393,official_gpu_raw,10,0.9
394,official_gpu_raw,10,1.0
395,official_gpu_raw,10,0.9
396,official_gpu_raw,10,0.6
397,official_gpu_raw,10,0.5
398,official_gpu_raw,10,0.7
399,official_gpu_raw,10,1.0
400,official_gpu_raw,10,0.9
401,official_gpu_raw,10,0.7
402,official_gpu_raw,10,0.7
403,official_gpu_raw,10,1.0
404,official_gpu_raw,10,1.0
405,official_gpu_raw,10,0.7
406,official_gpu_raw,10,0.8
407,official_gpu_raw,10,0.9
408,official_gpu_raw,10,0.9
409,official_gpu_raw,10,0.5
410,official_gpu_raw,10,1.0
411,official_gpu_raw,10,0.8
412,official_gpu_raw,10,0.8
413,official_gpu_raw,10,0.6
414,official_gpu_raw,10,1.0
415,official_gpu_raw,10,0.9
416,official_gpu_raw,10,1.0
417,official_gpu_raw,10,1.0
418,official_gpu_raw,10,0.4
419,official_gpu_raw,10,1.0
420,official_gpu_raw,10,0.9
421,official_gpu_raw,10,1.0
422,official_gpu_raw,10,1.0
423,official_gpu_raw,10,0.6
424,official_gpu_raw,10,0.8
425,official_gpu_raw,10,0.9
426,official_gpu_raw,10,0.8
427,official_gpu_raw,10,0.9
428,official_gpu_raw,10,0.9
429,official_gpu_raw,10,0.5
430,official_gpu_raw,10,0.9
431,official_gpu_raw,10,0.8
432,official_gpu_raw,10,1.0
433,official_gpu_raw,10,0.7
434,official_gpu_raw,10,1.0
435,official_gpu_raw,10,1.0
436,official_gpu_raw,10,1.0
437,official_gpu_raw,10,1.0
438,official_gpu_raw,10,0.9
439,official_gpu_raw,10,1.0
440,official_gpu_raw,10,1.0
441,official_gpu_raw,10,0.5
442,official_gpu_raw,10,1.0
443,official_gpu_raw,10,0.9
444,official_gpu_raw,10,0.8
445,official_gpu_raw,10,0.9
446,official_gpu_raw,10,0.6
447,official_gpu_raw,10,0.6
448,official_gpu_raw,10,1.0
449,official_gpu_raw,10,1.0
450,official_gpu_raw,10,0.8
451,official_gpu_raw,10,0.9
452,official_gpu_raw,10,0.8
453,official_gpu_raw,10,0.6
454,official_gpu_raw,10,1.0
455,official_gpu_raw,10,1.0
456,official_gpu_raw,10,0.9
457,official_gpu_raw,10,1.0
458,official_gpu_raw,10,1.0
459,official_gpu_raw,10,0.6
460,official_gpu_raw,10,0.7
461,official_gpu_raw,10,1.0
462,official_gpu_raw,10,1.0
463,official_gpu_raw,10,1.0
464,official_gpu_raw,10,1.0
465,official_gpu_raw,10,0.9
466,official_gpu_raw,10,1.0
467,official_gpu_raw,10,0.9
468,official_gpu_raw,10,0.7
469,official_gpu_raw,10,0.9
470,official_gpu_raw,10,1.0
471,official_gpu_raw,10,0.7
472,official_gpu_raw,10,0.6
473,official_gpu_raw,10,0.9
474,official_gpu_raw,10,0.9
475,official_gpu_raw,10,1.0
476,official_gpu_raw,10,1.0
477,official_gpu_raw,10,1.0
478,official_gpu_raw,10,1.0
479,official_gpu_raw,10,0.9
480,official_gpu_raw,10,1.0
481,official_gpu_raw,10,1.0
482,official_gpu_raw,10,1.0
483,official_gpu_raw,10,0.8
484,official_gpu_raw,10,1.0
485,official_gpu_raw,10,1.0
486,official_gpu_raw,10,1.0
487,official_gpu_raw,10,1.0
488,official_gpu_raw,10,1.0
489,official_gpu_raw,10,0.3
490,official_gpu_raw,10,1.0
491,official_gpu_raw,10,0.9
492,official_gpu_raw,10,1.0
493,official_gpu_raw,10,1.0
494,official_gpu_raw,10,1.0
495,official_gpu_raw,10,1.0
496,official_gpu_raw,10,1.0
497,official_gpu_raw,10,0.6
498,official_gpu_raw,10,1.0
499,official_gpu_raw,10,0.8
500,official_gpu_raw,10,1.0
501,official_gpu_raw,10,0.6
502,official_gpu_raw,10,1.0
503,official_gpu_raw,10,1.0
504,official_gpu_raw,10,1.0
505,official_gpu_raw,10,0.7
506,official_gpu_raw,10,0.9
507,official_gpu_raw,10,0.6
508,official_gpu_raw,10,0.8
509,official_gpu_raw,10,1.0
510,official_gpu_raw,10,1.0
511,official_gpu_raw,10,0.8
512,official_gpu_raw,10,0.7
513,official_gpu_raw,10,1.0
514,official_gpu_raw,10,1.0
515,official_gpu_raw,10,0.8
516,official_gpu_raw,10,0.9
517,official_gpu_raw,10,1.0
518,official_gpu_raw,10,1.0
519,official_gpu_raw,10,1.0
520,official_gpu_raw,10,1.0
521,official_gpu_raw,10,1.0
522,official_gpu_raw,10,1.0
523,official_gpu_raw,10,0.9
524,official_gpu_raw,10,1.0
525,official_gpu_raw,10,0.9
526,official_gpu_raw,10,1.0
527,official_gpu_raw,10,1.0
528,official_gpu_raw,10,0.7
529,official_gpu_raw,10,1.0
530,official_gpu_raw,10,1.0
531,official_gpu_raw,10,0.7
532,official_gpu_raw,10,1.0
533,official_gpu_raw,10,1.0
534,official_gpu_raw,10,0.9
535,official_gpu_raw,10,0.6
536,official_gpu_raw,10,0.6
537,official_gpu_raw,10,1.0
538,official_gpu_raw,10,0.9
539,official_gpu_raw,10,1.0
540,official_gpu_raw,10,1.0
541,official_gpu_raw,10,0.8
542,official_gpu_raw,10,0.9
543,official_gpu_raw,10,1.0
544,official_gpu_raw,10,0.9
545,official_gpu_raw,10,1.0
546,official_gpu_raw,10,1.0
547,official_gpu_raw,10,0.8
548,official_gpu_raw,10,1.0
549,official_gpu_raw,10,1.0
550,official_gpu_raw,10,0.9
551,official_gpu_raw,10,0.8
552,official_gpu_raw,10,0.9
553,official_gpu_raw,10,0.9
554,official_gpu_raw,10,0.9
555,official_gpu_raw,10,0.8
556,official_gpu_raw,10,1.0
557,official_gpu_raw,10,1.0
558,official_gpu_raw,10,0.9
559,official_gpu_raw,10,0.8
560,official_gpu_raw,10,0.9
561,official_gpu_raw,10,1.0
562,official_gpu_raw,10,0.5
563,official_gpu_raw,10,0.9
564,official_gpu_raw,10,1.0
565,official_gpu_raw,10,0.7
566,official_gpu_raw,10,0.8
567,official_gpu_raw,10,1.0
568,official_gpu_raw,10,0.7
569,official_gpu_raw,10,1.0
570,official_gpu_raw,10,1.0
571,official_gpu_raw,10,0.8
572,official_gpu_raw,10,0.7
573,official_gpu_raw,10,0.9
574,official_gpu_raw,10,1.0
575,official_gpu_raw,10,0.5
576,official_gpu_raw,10,1.0
577,official_gpu_raw,10,1.0
578,official_gpu_raw,10,0.7
579,official_gpu_raw,10,0.9
580,official_gpu_raw,10,0.9
581,official_gpu_raw,10,1.0
582,official_gpu_raw,10,0.9
583,official_gpu_raw,10,0.8
584,official_gpu_raw,10,0.4
585,official_gpu_raw,10,1.0
586,official_gpu_raw,10,0.7
587,official_gpu_raw,10,1.0
588,official_gpu_raw,10,0.7
589,official_gpu_raw,10,1.0
590,official_gpu_raw,10,1.0
591,official_gpu_raw,10,1.0
592,official_gpu_raw,10,1.0
593,official_gpu_raw,10,0.8
594,official_gpu_raw,10,1.0
595,official_gpu_raw,10,0.9
596,official_gpu_raw,10,0.9
597,official_gpu_raw,10,1.0
598,official_gpu_raw,10,0.9
599,official_gpu_raw,10,1.0
600,official_gpu_raw,10,1.0
601,official_gpu_raw,10,0.8
602,official_gpu_raw,10,0.7
603,official_gpu_raw,10,0.9
604,official_gpu_raw,10,1.0
605,official_gpu_raw,10,0.8
606,official_gpu_raw,10,0.9
607,official_gpu_raw,10,1.0
608,official_gpu_raw,10,1.0
609,official_gpu_raw,10,0.9
610,official_gpu_raw,10,1.0
611,official_gpu_raw,10,0.8
612,official_gpu_raw,10,0.9
613,official_gpu_raw,10,0.4
614,official_gpu_raw,10,0.9
615,official_gpu_raw,10,0.9
616,official_gpu_raw,10,1.0
617,official_gpu_raw,10,0.8
618,official_gpu_raw,10,1.0
619,official_gpu_raw,10,0.9
620,official_gpu_raw,10,0.5
621,official_gpu_raw,10,1.0
622,official_gpu_raw,10,1.0
623,official_gpu_raw,10,1.0
624,official_gpu_raw,10,1.0
625,official_gpu_raw,10,1.0
626,official_gpu_raw,10,1.0
627,official_gpu_raw,10,1.0
628,official_gpu_raw,10,1.0
629,official_gpu_raw,10,1.0
630,official_gpu_raw,10,1.0
631,official_gpu_raw,10,1.0
632,official_gpu_raw,10,1.0
633,official_gpu_raw,10,1.0
634,official_gpu_raw,10,1.0
635,official_gpu_raw,10,1.0
636,official_gpu_raw,10,1.0
637,official_gpu_raw,10,1.0
638,official_gpu_raw,10,1.0
639,official_gpu_raw,10,1.0
640,official_gpu_raw,10,1.0
641,official_gpu_raw,10,0.9
642,official_gpu_raw,10,1.0
643,official_gpu_raw,10,1.0
644,official_gpu_raw,10,1.0
645,official_gpu_raw,10,1.0
646,official_gpu_raw,10,0.9
647,official_gpu_raw,10,0.9
648,official_gpu_raw,10,1.0
649,official_gpu_raw,10,0.8
650,official_gpu_raw,10,0.9
651,official_gpu_raw,10,1.0
652,official_gpu_raw,10,1.0
653,official_gpu_raw,10,0.9
654,official_gpu_raw,10,1.0
655,official_gpu_raw,10,1.0
656,official_gpu_raw,10,1.0
657,official_gpu_raw,10,0.9
658,official_gpu_raw,10,1.0
659,official_gpu_raw,10,1.0
660,official_gpu_raw,10,1.0
661,official_gpu_raw,10,0.7
662,official_gpu_raw,10,1.0
663,official_gpu_raw,10,1.0
664,official_gpu_raw,10,1.0
665,official_gpu_raw,10,0.9
666,official_gpu_raw,10,0.8
667,official_gpu_raw,10,1.0
668,official_gpu_raw,10,1.0
669,official_gpu_raw,10,1.0
670,official_gpu_raw,10,0.9
671,official_gpu_raw,10,0.9
672,official_gpu_raw,10,1.0
673,official_gpu_raw,10,1.0
674,official_gpu_raw,10,0.9
675,official_gpu_raw,10,0.8
676,official_gpu_raw,10,0.9
677,official_gpu_raw,10,1.0
678,official_gpu_raw,10,1.0
679,official_gpu_raw,10,0.9
680,official_gpu_raw,10,1.0
681,official_gpu_raw,10,1.0
682,official_gpu_raw,10,1.0
683,official_gpu_raw,10,1.0
684,official_gpu_raw,10,1.0
685,official_gpu_raw,10,0.7
686,official_gpu_raw,10,1.0
687,official_gpu_raw,10,0.9
688,official_gpu_raw,10,1.0
689,official_gpu_raw,10,1.0
690,official_gpu_raw,10,1.0
691,official_gpu_raw,10,1.0
692,official_gpu_raw,10,1.0
693,official_gpu_raw,10,0.6
694,official_gpu_raw,10,1.0
695,official_gpu_raw,10,1.0
696,official_gpu_raw,10,1.0
697,official_gpu_raw,10,1.0
698,official_gpu_raw,10,1.0
699,official_gpu_raw,10,1.0
700,official_gpu_raw,10,1.0
701,official_gpu_raw,10,0.8
702,official_gpu_raw,10,1.0
703,official_gpu_raw,10,0.8
704,official_gpu_raw,10,1.0
705,official_gpu_raw,10,1.0
706,official_gpu_raw,10,0.9
707,official_gpu_raw,10,1.0
708,official_gpu_raw,10,0.8
709,official_gpu_raw,10,1.0
710,official_gpu_raw,10,1.0
711,official_gpu_raw,10,0.8
712,official_gpu_raw,10,1.0
713,official_gpu_raw,10,0.8
714,official_gpu_raw,10,0.8
715,official_gpu_raw,10,1.0
716,official_gpu_raw,10,1.0
717,official_gpu_raw,10,0.8
718,official_gpu_raw,10,0.7
719,official_gpu_raw,10,0.8
720,official_gpu_raw,10,0.9
721,official_gpu_raw,10,1.0
722,official_gpu_raw,10,1.0
723,official_gpu_raw,10,0.4
724,official_gpu_raw,10,0.9
725,official_gpu_raw,10,1.0
726,official_gpu_raw,10,1.0
727,official_gpu_raw,10,0.9
728,official_gpu_raw,10,0.7
729,official_gpu_raw,10,1.0
730,official_gpu_raw,10,0.9
731,official_gpu_raw,10,0.9
732,official_gpu_raw,10,1.0
733,official_gpu_raw,10,1.0
734,official_gpu_raw,10,0.8
735,official_gpu_raw,10,0.7
736,official_gpu_raw,10,0.8
737,official_gpu_raw,10,0.9
738,official_gpu_raw,10,0.8
739,official_gpu_raw,10,0.9
740,official_gpu_raw,10,0.9
741,official_gpu_raw,10,0.9
742,official_gpu_raw,10,1.0
743,official_gpu_raw,10,1.0
744,official_gpu_raw,10,0.7
745,official_gpu_raw,10,1.0
746,official_gpu_raw,10,0.9
747,official_gpu_raw,10,0.9
748,official_gpu_raw,10,0.6
749,official_gpu_raw,10,1.0
750,official_gpu_raw,10,0.9
751,official_gpu_raw,10,0.9
752,official_gpu_raw,10,0.9
753,official_gpu_raw,10,0.8
754,official_gpu_raw,10,0.9
755,official_gpu_raw,10,0.7
756,official_gpu_raw,10,0.9
757,official_gpu_raw,10,1.0
758,official_gpu_raw,10,1.0
759,official_gpu_raw,10,1.0
760,official_gpu_raw,10,1.0
761,official_gpu_raw,10,1.0
762,official_gpu_raw,10,1.0
763,official_gpu_raw,10,1.0
764,official_gpu_raw,10,1.0
765,official_gpu_raw,10,1.0
766,official_gpu_raw,10,1.0
767,official_gpu_raw,10,1.0
768,official_gpu_raw,10,1.0
769,official_gpu_raw,10,0.9
770,official_gpu_raw,10,0.9
771,official_gpu_raw,10,0.4
772,official_gpu_raw,10,0.8
773,official_gpu_raw,10,0.7
774,official_gpu_raw,10,1.0
775,official_gpu_raw,10,0.5
776,official_gpu_raw,10,1.0
777,official_gpu_raw,10,1.0
778,official_gpu_raw,10,1.0
779,official_gpu_raw,10,1.0
780,official_gpu_raw,10,0.5
781,official_gpu_raw,10,1.0
782,official_gpu_raw,10,1.0
783,official_gpu_raw,10,1.0
784,official_gpu_raw,10,1.0
785,official_gpu_raw,10,1.0
786,official_gpu_raw,10,1.0
787,official_gpu_raw,10,0.7
788,official_gpu_raw,10,0.9
789,official_gpu_raw,10,0.9
790,official_gpu_raw,10,1.0
791,official_gpu_raw,10,0.9
792,official_gpu_raw,10,0.7
793,official_gpu_raw,10,0.4
794,official_gpu_raw,10,1.0
795,official_gpu_raw,10,0.9
796,official_gpu_raw,10,1.0
797,official_gpu_raw,10,1.0
798,official_gpu_raw,10,1.0
799,official_gpu_raw,10,0.9
800,official_gpu_raw,10,1.0
801,official_gpu_raw,10,0.9
802,official_gpu_raw,10,1.0
803,official_gpu_raw,10,1.0
804,official_gpu_raw,10,0.9
805,official_gpu_raw,10,1.0
806,official_gpu_raw,10,1.0
807,official_gpu_raw,10,1.0
808,official_gpu_raw,10,1.0
809,official_gpu_raw,10,1.0
810,official_gpu_raw,10,1.0
811,official_gpu_raw,10,1.0
812,official_gpu_raw,10,1.0
813,official_gpu_raw,10,0.5
814,official_gpu_raw,10,1.0
815,official_gpu_raw,10,1.0
816,official_gpu_raw,10,1.0
817,official_gpu_raw,10,0.8
818,official_gpu_raw,10,1.0
819,official_gpu_raw,10,1.0
820,official_gpu_raw,10,1.0
821,official_gpu_raw,10,1.0
822,official_gpu_raw,10,0.8
823,official_gpu_raw,10,0.9
824,official_gpu_raw,10,1.0
825,official_gpu_raw,10,0.8
826,official_gpu_raw,10,0.7
827,official_gpu_raw,10,0.9
828,official_gpu_raw,10,0.8
829,official_gpu_raw,10,1.0
830,official_gpu_raw,10,1.0
831,official_gpu_raw,10,1.0
832,official_gpu_raw,10,0.9
833,official_gpu_raw,10,0.8
834,official_gpu_raw,10,0.7
835,official_gpu_raw,10,1.0
836,official_gpu_raw,10,1.0
837,official_gpu_raw,10,1.0
838,official_gpu_raw,10,1.0
839,official_gpu_raw,10,0.8
840,official_gpu_raw,10,0.8
841,official_gpu_raw,10,0.5
842,official_gpu_raw,10,0.7
843,official_gpu_raw,10,1.0
844,official_gpu_raw,10,0.9
845,official_gpu_raw,10,0.8
846,official_gpu_raw,10,1.0
847,official_gpu_raw,10,0.9
848,official_gpu_raw,10,1.0
849,official_gpu_raw,10,1.0
850,official_gpu_raw,10,1.0
851,official_gpu_raw,10,0.9
852,official_gpu_raw,10,0.9
853,official_gpu_raw,10,1.0
854,official_gpu_raw,10,0.9
855,official_gpu_raw,10,0.9
856,official_gpu_raw,10,1.0
857,official_gpu_raw,10,1.0
858,official_gpu_raw,10,1.0
859,official_gpu_raw,10,1.0
860,official_gpu_raw,10,1.0
861,official_gpu_raw,10,0.4
862,official_gpu_raw,10,1.0
863,official_gpu_raw,10,1.0
864,official_gpu_raw,10,0.8
865,official_gpu_raw,10,0.9
866,official_gpu_raw,10,1.0
867,official_gpu_raw,10,0.9
868,official_gpu_raw,10,0.9
869,official_gpu_raw,10,1.0
870,official_gpu_raw,10,0.4
871,official_gpu_raw,10,0.7
872,official_gpu_raw,10,1.0
873,official_gpu_raw,10,0.9
874,official_gpu_raw,10,1.0
875,official_gpu_raw,10,0.7
876,official_gpu_raw,10,0.9
877,official_gpu_raw,10,0.3
878,official_gpu_raw,10,1.0
879,official_gpu_raw,10,1.0
880,official_gpu_raw,10,1.0
881,official_gpu_raw,10,0.9
882,official_gpu_raw,10,1.0
883,official_gpu_raw,10,1.0
884,official_gpu_raw,10,0.9
885,official_gpu_raw,10,1.0
886,official_gpu_raw,10,0.9
887,official_gpu_raw,10,0.7
888,official_gpu_raw,10,0.4
889,official_gpu_raw,10,0.8
890,official_gpu_raw,10,0.8
891,official_gpu_raw,10,1.0
892,official_gpu_raw,10,1.0
893,official_gpu_raw,10,0.8
894,official_gpu_raw,10,1.0
895,official_gpu_raw,10,0.9
896,official_gpu_raw,10,0.7
897,official_gpu_raw,10,1.0
898,official_gpu_raw,10,1.0
899,official_gpu_raw,10,0.8
900,official_gpu_raw,10,0.8
901,official_gpu_raw,10,0.7
902,official_gpu_raw,10,1.0
903,official_gpu_raw,10,1.0
904,official_gpu_raw,10,1.0
905,official_gpu_raw,10,1.0
906,official_gpu_raw,10,0.7
907,official_gpu_raw,10,0.9
908,official_gpu_raw,10,0.2
909,official_gpu_raw,10,0.9
910,official_gpu_raw,10,1.0
911,official_gpu_raw,10,0.7
912,official_gpu_raw,10,0.4
913,official_gpu_raw,10,1.0
914,official_gpu_raw,10,0.7
915,official_gpu_raw,10,0.9
916,official_gpu_raw,10,1.0
917,official_gpu_raw,10,1.0
918,official_gpu_raw,10,0.9
919,official_gpu_raw,10,1.0
920,official_gpu_raw,10,0.9
921,official_gpu_raw,10,0.8
922,official_gpu_raw,10,1.0
923,official_gpu_raw,10,0.8
924,official_gpu_raw,10,1.0
925,official_gpu_raw,10,1.0
926,official_gpu_raw,10,1.0
927,official_gpu_raw,10,0.9
928,official_gpu_raw,10,1.0
929,official_gpu_raw,10,1.0
930,official_gpu_raw,10,0.6
931,official_gpu_raw,10,1.0
932,official_gpu_raw,10,0.9
933,official_gpu_raw,10,1.0
934,official_gpu_raw,10,0.8
935,official_gpu_raw,10,1.0
936,official_gpu_raw,10,0.9
937,official_gpu_raw,10,0.3
938,official_gpu_raw,10,0.6
939,official_gpu_raw,10,0.8
940,official_gpu_raw,10,0.6
941,official_gpu_raw,10,1.0
942,official_gpu_raw,10,1.0
943,official_gpu_raw,10,1.0
944,official_gpu_raw,10,1.0
945,official_gpu_raw,10,1.0
946,official_gpu_raw,10,0.9
947,official_gpu_raw,10,1.0
948,official_gpu_raw,10,0.4
949,official_gpu_raw,10,0.6
950,official_gpu_raw,10,1.0
951,official_gpu_raw,10,0.4
952,official_gpu_raw,10,0.8
953,official_gpu_raw,10,0.6
954,official_gpu_raw,10,1.0
955,official_gpu_raw,10,0.9
956,official_gpu_raw,10,1.0
957,official_gpu_raw,10,1.0
958,official_gpu_raw,10,0.7
959,official_gpu_raw,10,1.0
960,official_gpu_raw,10,0.9
961,official_gpu_raw,10,1.0
962,official_gpu_raw,10,0.9
963,official_gpu_raw,10,1.0
964,official_gpu_raw,10,1.0
965,official_gpu_raw,10,1.0
966,official_gpu_raw,10,1.0
967,official_gpu_raw,10,0.5
968,official_gpu_raw,10,0.8
969,official_gpu_raw,10,0.9
970,official_gpu_raw,10,1.0
971,official_gpu_raw,10,1.0
972,official_gpu_raw,10,0.9
973,official_gpu_raw,10,1.0
974,official_gpu_raw,10,1.0
975,official_gpu_raw,10,1.0
976,official_gpu_raw,10,1.0
977,official_gpu_raw,10,0.9
978,official_gpu_raw,10,1.0
979,official_gpu_raw,10,1.0
980,official_gpu_raw,10,0.9
981,official_gpu_raw,10,0.9
982,official_gpu_raw,10,0.9
983,official_gpu_raw,10,0.8
984,official_gpu_raw,10,0.8
985,official_gpu_raw,10,1.0
986,official_gpu_raw,10,0.8
987,official_gpu_raw,10,1.0
988,official_gpu_raw,10,1.0
989,official_gpu_raw,10,0.8
990,official_gpu_raw,10,1.0
991,official_gpu_raw,10,0.6
992,official_gpu_raw,10,1.0
993,official_gpu_raw,10,0.6
994,official_gpu_raw,10,1.0
995,official_gpu_raw,10,0.9
996,official_gpu_raw,10,0.8
997,official_gpu_raw,10,1.0
998,official_gpu_raw,10,0.9
999,official_gpu_raw,10,0.5
