query_id,pq,batch_index,approx_h2d_ms,approx_memset_ms,approx_kernel_ms,approx_d2h_ms,approx_total_ms,recall,seed_count,visited_nodes,expanded_nodes,neighbor_slots_scanned,candidate_nodes,distance_evals,frontier_pushes,result_updates,peak_frontier,peak_results,result_count,early_stopped
0,10,0,0.000145514,0,0.41762,3.3582e-05,0.417799,0.2,4,292,14,416,288,292,87,64,10,10,10,1
1,10,0,0.000145514,0,0.41762,3.3582e-05,0.417799,0.6,4,495,23,704,491,495,132,77,10,10,10,1
2,10,0,0.000145514,0,0.41762,3.3582e-05,0.417799,0.8,4,362,17,512,358,362,125,86,10,10,10,1
3,10,0,0.000145514,0,0.41762,3.3582e-05,0.417799,1,4,294,16,480,290,294,101,76,10,10,10,1
4,10,0,0.000145514,0,0.41762,3.3582e-05,0.417799,0.8,4,367,19,576,363,367,123,87,10,10,10,1
5,10,0,0.000145514,0,0.41762,3.3582e-05,0.417799,0.5,4,549,27,832,545,549,174,105,10,10,10,1
6,10,0,0.000145514,0,0.41762,3.3582e-05,0.417799,0.6,4,399,19,576,395,399,98,61,10,10,10,1
7,10,0,0.000145514,0,0.41762,3.3582e-05,0.417799,1,4,365,21,640,361,365,162,135,10,10,10,1
8,10,0,0.000145514,0,0.41762,3.3582e-05,0.417799,0.7,4,393,17,512,389,393,104,66,10,10,10,1
9,10,0,0.000145514,0,0.41762,3.3582e-05,0.417799,0.6,4,515,22,672,511,515,152,92,10,10,10,1
10,10,0,0.000145514,0,0.41762,3.3582e-05,0.417799,0.1,4,446,25,768,442,446,131,83,10,10,10,1
11,10,0,0.000145514,0,0.41762,3.3582e-05,0.417799,0.4,4,380,17,512,376,380,123,80,10,10,10,1
12,10,0,0.000145514,0,0.41762,3.3582e-05,0.417799,0.8,4,322,16,480,318,322,112,84,10,10,10,1
13,10,0,0.000145514,0,0.41762,3.3582e-05,0.417799,0.6,4,375,18,544,371,375,122,76,10,10,10,1
14,10,0,0.000145514,0,0.41762,3.3582e-05,0.417799,0.6,4,417,21,640,413,417,127,74,10,10,10,1
15,10,0,0.000145514,0,0.41762,3.3582e-05,0.417799,0.3,4,309,19,576,305,309,105,70,10,10,10,1
16,10,0,0.000145514,0,0.41762,3.3582e-05,0.417799,0.6,4,326,17,512,322,326,115,78,10,10,10,1
17,10,0,0.000145514,0,0.41762,3.3582e-05,0.417799,0.2,4,262,13,384,258,262,83,50,10,10,10,1
18,10,0,0.000145514,0,0.41762,3.3582e-05,0.417799,0.3,4,441,21,640,437,441,150,94,10,10,10,1
19,10,0,0.000145514,0,0.41762,3.3582e-05,0.417799,0.7,4,396,18,544,392,396,116,70,10,10,10,1
20,10,0,0.000145514,0,0.41762,3.3582e-05,0.417799,0.8,4,368,18,544,364,368,145,114,10,10,10,1
21,10,0,0.000145514,0,0.41762,3.3582e-05,0.417799,0.8,4,334,15,448,330,334,117,83,10,10,10,1
22,10,0,0.000145514,0,0.41762,3.3582e-05,0.417799,0.1,4,267,14,416,263,267,105,74,10,10,10,1
23,10,0,0.000145514,0,0.41762,3.3582e-05,0.417799,0.6,4,362,17,512,358,362,127,91,10,10,10,1
24,10,0,0.000145514,0,0.41762,3.3582e-05,0.417799,1,4,476,22,672,472,476,157,98,10,10,10,1
25,10,0,0.000145514,0,0.41762,3.3582e-05,0.417799,1,4,472,23,704,468,472,144,95,10,10,10,1
26,10,0,0.000145514,0,0.41762,3.3582e-05,0.417799,0.3,4,444,21,640,440,444,146,101,10,10,10,1
27,10,0,0.000145514,0,0.41762,3.3582e-05,0.417799,0.5,4,497,21,640,493,497,157,100,10,10,10,1
28,10,0,0.000145514,0,0.41762,3.3582e-05,0.417799,0.3,4,380,18,544,376,380,135,101,10,10,10,1
29,10,0,0.000145514,0,0.41762,3.3582e-05,0.417799,0.5,4,384,20,608,380,384,152,110,10,10,10,1
30,10,0,0.000145514,0,0.41762,3.3582e-05,0.417799,0.2,4,393,20,608,389,393,149,102,10,10,10,1
31,10,0,0.000145514,0,0.41762,3.3582e-05,0.417799,0.8,4,336,17,512,332,336,135,90,10,10,10,1
32,10,0,0.000145514,0,0.41762,3.3582e-05,0.417799,0.9,4,292,14,416,288,292,107,80,10,10,10,1
33,10,0,0.000145514,0,0.41762,3.3582e-05,0.417799,0.9,4,319,20,608,315,319,144,108,10,10,10,1
34,10,0,0.000145514,0,0.41762,3.3582e-05,0.417799,1,4,421,20,608,417,421,129,81,10,10,10,1
35,10,0,0.000145514,0,0.41762,3.3582e-05,0.417799,1,4,417,20,608,413,417,149,90,10,10,10,1
36,10,0,0.000145514,0,0.41762,3.3582e-05,0.417799,0.5,4,389,20,608,385,389,132,87,10,10,10,1
37,10,0,0.000145514,0,0.41762,3.3582e-05,0.417799,1,4,366,20,608,362,366,152,114,10,10,10,1
38,10,0,0.000145514,0,0.41762,3.3582e-05,0.417799,0.9,4,350,18,544,346,350,138,90,10,10,10,1
39,10,0,0.000145514,0,0.41762,3.3582e-05,0.417799,0.8,4,282,14,416,278,282,98,70,10,10,10,1
40,10,0,0.000145514,0,0.41762,3.3582e-05,0.417799,0.8,4,400,19,576,396,400,136,89,10,10,10,1
41,10,0,0.000145514,0,0.41762,3.3582e-05,0.417799,0.5,4,387,20,608,383,387,161,126,10,10,10,1
42,10,0,0.000145514,0,0.41762,3.3582e-05,0.417799,1,4,390,19,576,386,390,134,83,10,10,10,1
43,10,0,0.000145514,0,0.41762,3.3582e-05,0.417799,0.4,4,306,15,448,302,306,105,72,10,10,10,1
44,10,0,0.000145514,0,0.41762,3.3582e-05,0.417799,0.8,4,421,22,672,417,421,162,128,10,10,10,1
45,10,0,0.000145514,0,0.41762,3.3582e-05,0.417799,1,4,355,17,512,351,355,132,95,10,10,10,1
46,10,0,0.000145514,0,0.41762,3.3582e-05,0.417799,1,4,433,23,704,429,433,186,141,10,10,10,1
47,10,0,0.000145514,0,0.41762,3.3582e-05,0.417799,0.5,4,511,27,832,507,511,152,95,10,10,10,1
48,10,0,0.000145514,0,0.41762,3.3582e-05,0.417799,1,4,405,25,768,401,405,161,99,10,10,10,1
49,10,0,0.000145514,0,0.41762,3.3582e-05,0.417799,1,4,310,16,480,306,310,134,97,10,10,10,1
50,10,0,0.000145514,0,0.41762,3.3582e-05,0.417799,0.9,4,378,19,576,374,378,137,100,10,10,10,1
51,10,0,0.000145514,0,0.41762,3.3582e-05,0.417799,0.7,4,346,19,576,342,346,109,72,10,10,10,1
52,10,0,0.000145514,0,0.41762,3.3582e-05,0.417799,0.9,4,534,26,800,530,534,164,98,10,10,10,1
53,10,0,0.000145514,0,0.41762,3.3582e-05,0.417799,0.7,4,446,19,576,442,446,143,106,10,10,10,1
54,10,0,0.000145514,0,0.41762,3.3582e-05,0.417799,0.5,4,372,20,608,368,372,171,135,10,10,10,1
55,10,0,0.000145514,0,0.41762,3.3582e-05,0.417799,1,4,367,21,640,363,367,188,146,10,10,10,1
56,10,0,0.000145514,0,0.41762,3.3582e-05,0.417799,0.8,4,428,19,576,424,428,145,99,10,10,10,1
57,10,0,0.000145514,0,0.41762,3.3582e-05,0.417799,0.9,4,324,16,480,320,324,108,72,10,10,10,1
58,10,0,0.000145514,0,0.41762,3.3582e-05,0.417799,0.8,4,384,17,512,380,384,141,99,10,10,10,1
59,10,0,0.000145514,0,0.41762,3.3582e-05,0.417799,0.2,4,313,17,512,309,313,138,114,10,10,10,1
60,10,0,0.000145514,0,0.41762,3.3582e-05,0.417799,0.3,4,442,20,608,438,442,138,92,10,10,10,1
61,10,0,0.000145514,0,0.41762,3.3582e-05,0.417799,0.4,4,331,17,512,327,331,142,105,10,10,10,1
62,10,0,0.000145514,0,0.41762,3.3582e-05,0.417799,1,4,384,19,576,380,384,171,127,10,10,10,1
63,10,0,0.000145514,0,0.41762,3.3582e-05,0.417799,0.4,4,446,23,704,442,446,149,109,10,10,10,1
64,10,0,0.000145514,0,0.41762,3.3582e-05,0.417799,1,4,292,15,448,288,292,106,79,10,10,10,1
65,10,0,0.000145514,0,0.41762,3.3582e-05,0.417799,0.7,4,462,24,736,458,462,158,115,10,10,10,1
66,10,0,0.000145514,0,0.41762,3.3582e-05,0.417799,0.7,4,259,15,448,255,259,109,71,10,10,10,1
67,10,0,0.000145514,0,0.41762,3.3582e-05,0.417799,0.6,4,414,22,672,410,414,147,109,10,10,10,1
68,10,0,0.000145514,0,0.41762,3.3582e-05,0.417799,0.7,4,308,16,480,304,308,119,86,10,10,10,1
69,10,0,0.000145514,0,0.41762,3.3582e-05,0.417799,0.3,4,451,24,736,447,451,159,94,10,10,10,1
70,10,0,0.000145514,0,0.41762,3.3582e-05,0.417799,1,4,309,16,480,305,309,117,85,10,10,10,1
71,10,0,0.000145514,0,0.41762,3.3582e-05,0.417799,0.8,4,381,20,608,377,381,154,110,10,10,10,1
72,10,0,0.000145514,0,0.41762,3.3582e-05,0.417799,0.5,4,306,18,544,302,306,102,69,10,10,10,1
73,10,0,0.000145514,0,0.41762,3.3582e-05,0.417799,0.9,4,391,21,640,387,391,148,101,10,10,10,1
74,10,0,0.000145514,0,0.41762,3.3582e-05,0.417799,0.3,4,521,26,800,517,521,166,102,10,10,10,1
75,10,0,0.000145514,0,0.41762,3.3582e-05,0.417799,0.2,4,485,24,736,481,485,145,104,10,10,10,1
76,10,0,0.000145514,0,0.41762,3.3582e-05,0.417799,0.9,4,356,19,576,352,356,139,104,10,10,10,1
77,10,0,0.000145514,0,0.41762,3.3582e-05,0.417799,0.7,4,435,20,608,431,435,144,105,10,10,10,1
78,10,0,0.000145514,0,0.41762,3.3582e-05,0.417799,0.5,4,341,16,480,337,341,109,66,10,10,10,1
79,10,0,0.000145514,0,0.41762,3.3582e-05,0.417799,1,4,396,19,576,392,396,162,127,10,10,10,1
80,10,0,0.000145514,0,0.41762,3.3582e-05,0.417799,0.5,4,435,20,608,431,435,166,115,10,10,10,1
81,10,0,0.000145514,0,0.41762,3.3582e-05,0.417799,0.5,4,278,15,448,274,278,106,76,10,10,10,1
82,10,0,0.000145514,0,0.41762,3.3582e-05,0.417799,0.6,4,577,29,896,573,577,180,98,10,10,10,1
83,10,0,0.000145514,0,0.41762,3.3582e-05,0.417799,1,4,456,23,704,452,456,141,89,10,10,10,1
84,10,0,0.000145514,0,0.41762,3.3582e-05,0.417799,0.5,4,397,17,512,393,397,105,68,10,10,10,1
85,10,0,0.000145514,0,0.41762,3.3582e-05,0.417799,1,4,304,21,640,300,304,157,119,10,10,10,1
86,10,0,0.000145514,0,0.41762,3.3582e-05,0.417799,0.8,4,363,20,608,359,363,151,113,10,10,10,1
87,10,0,0.000145514,0,0.41762,3.3582e-05,0.417799,1,4,350,20,608,346,350,172,140,10,10,10,1
88,10,0,0.000145514,0,0.41762,3.3582e-05,0.417799,1,4,340,22,672,336,340,154,111,10,10,10,1
89,10,0,0.000145514,0,0.41762,3.3582e-05,0.417799,0.8,4,444,21,640,440,444,166,141,10,10,10,1
90,10,0,0.000145514,0,0.41762,3.3582e-05,0.417799,0.9,4,291,17,512,287,291,114,82,10,10,10,1
91,10,0,0.000145514,0,0.41762,3.3582e-05,0.417799,0.6,4,437,24,736,433,437,154,105,10,10,10,1
92,10,0,0.000145514,0,0.41762,3.3582e-05,0.417799,0.3,4,292,17,512,288,292,102,68,10,10,10,1
93,10,0,0.000145514,0,0.41762,3.3582e-05,0.417799,0.9,4,319,17,512,315,319,110,66,10,10,10,1
94,10,0,0.000145514,0,0.41762,3.3582e-05,0.417799,1,4,275,16,480,271,275,125,96,10,10,10,1
95,10,0,0.000145514,0,0.41762,3.3582e-05,0.417799,0.6,4,481,25,768,477,481,159,116,10,10,10,1
96,10,0,0.000145514,0,0.41762,3.3582e-05,0.417799,0.4,4,375,17,512,371,375,134,96,10,10,10,1
97,10,0,0.000145514,0,0.41762,3.3582e-05,0.417799,0.5,4,308,17,512,304,308,112,74,10,10,10,1
98,10,0,0.000145514,0,0.41762,3.3582e-05,0.417799,0.6,4,394,18,544,390,394,173,143,10,10,10,1
99,10,0,0.000145514,0,0.41762,3.3582e-05,0.417799,1,4,328,18,544,324,328,120,75,10,10,10,1
100,10,0,0.000145514,0,0.41762,3.3582e-05,0.417799,0.8,4,425,22,672,421,425,131,84,10,10,10,1
101,10,0,0.000145514,0,0.41762,3.3582e-05,0.417799,0.9,4,358,18,544,354,358,128,96,10,10,10,1
102,10,0,0.000145514,0,0.41762,3.3582e-05,0.417799,0.4,4,412,22,672,408,412,144,97,10,10,10,1
103,10,0,0.000145514,0,0.41762,3.3582e-05,0.417799,0.9,4,360,20,608,356,360,141,102,10,10,10,1
104,10,0,0.000145514,0,0.41762,3.3582e-05,0.417799,1,4,353,17,512,349,353,127,85,10,10,10,1
105,10,0,0.000145514,0,0.41762,3.3582e-05,0.417799,0.1,4,483,23,704,479,483,165,115,10,10,10,1
106,10,0,0.000145514,0,0.41762,3.3582e-05,0.417799,0.8,4,279,15,448,275,279,116,81,10,10,10,1
107,10,0,0.000145514,0,0.41762,3.3582e-05,0.417799,1,4,373,20,608,369,373,158,126,10,10,10,1
108,10,0,0.000145514,0,0.41762,3.3582e-05,0.417799,0.9,4,317,19,576,313,317,144,121,10,10,10,1
109,10,0,0.000145514,0,0.41762,3.3582e-05,0.417799,0.8,4,389,20,608,385,389,135,95,10,10,10,1
110,10,0,0.000145514,0,0.41762,3.3582e-05,0.417799,0.4,4,310,17,512,306,310,130,98,10,10,10,1
111,10,0,0.000145514,0,0.41762,3.3582e-05,0.417799,0.9,4,556,28,864,552,556,174,105,10,10,10,1
112,10,0,0.000145514,0,0.41762,3.3582e-05,0.417799,1,4,281,19,576,277,281,157,118,10,10,10,1
113,10,0,0.000145514,0,0.41762,3.3582e-05,0.417799,0.5,4,395,21,640,391,395,139,101,10,10,10,1
114,10,0,0.000145514,0,0.41762,3.3582e-05,0.417799,0.9,4,269,15,448,265,269,121,90,10,10,10,1
115,10,0,0.000145514,0,0.41762,3.3582e-05,0.417799,0.1,4,305,15,448,301,305,104,73,10,10,10,1
116,10,0,0.000145514,0,0.41762,3.3582e-05,0.417799,1,4,295,16,480,291,295,131,102,10,10,10,1
117,10,0,0.000145514,0,0.41762,3.3582e-05,0.417799,0,4,262,15,448,258,262,107,73,10,10,10,1
118,10,0,0.000145514,0,0.41762,3.3582e-05,0.417799,1,4,378,19,576,374,378,126,80,10,10,10,1
119,10,0,0.000145514,0,0.41762,3.3582e-05,0.417799,1,4,387,23,704,383,387,178,133,10,10,10,1
120,10,0,0.000145514,0,0.41762,3.3582e-05,0.417799,0.5,4,560,30,928,556,560,185,113,10,10,10,1
121,10,0,0.000145514,0,0.41762,3.3582e-05,0.417799,0.6,4,367,17,512,363,367,136,100,10,10,10,1
122,10,0,0.000145514,0,0.41762,3.3582e-05,0.417799,0.5,4,464,24,736,460,464,148,105,10,10,10,1
123,10,0,0.000145514,0,0.41762,3.3582e-05,0.417799,1,4,347,18,544,343,347,138,109,10,10,10,1
124,10,0,0.000145514,0,0.41762,3.3582e-05,0.417799,1,4,329,15,448,325,329,123,85,10,10,10,1
125,10,0,0.000145514,0,0.41762,3.3582e-05,0.417799,0.7,4,324,15,448,320,324,112,89,10,10,10,1
126,10,0,0.000145514,0,0.41762,3.3582e-05,0.417799,0,4,411,18,544,407,411,135,100,10,10,10,1
127,10,0,0.000145514,0,0.41762,3.3582e-05,0.417799,0.6,4,294,14,416,290,294,91,59,10,10,10,1
128,10,0,0.000145514,0,0.41762,3.3582e-05,0.417799,0.9,4,354,17,512,350,354,124,86,10,10,10,1
129,10,0,0.000145514,0,0.41762,3.3582e-05,0.417799,0.6,4,392,21,640,388,392,150,110,10,10,10,1
130,10,0,0.000145514,0,0.41762,3.3582e-05,0.417799,0.3,4,465,23,704,461,465,153,92,10,10,10,1
131,10,0,0.000145514,0,0.41762,3.3582e-05,0.417799,1,4,377,21,640,373,377,140,101,10,10,10,1
132,10,0,0.000145514,0,0.41762,3.3582e-05,0.417799,0.6,4,399,19,576,395,399,112,69,10,10,10,1
133,10,0,0.000145514,0,0.41762,3.3582e-05,0.417799,0.2,4,261,16,480,257,261,115,80,10,10,10,1
134,10,0,0.000145514,0,0.41762,3.3582e-05,0.417799,0.5,4,441,22,672,437,441,187,151,10,10,10,1
135,10,0,0.000145514,0,0.41762,3.3582e-05,0.417799,0.3,4,460,22,672,456,460,156,104,10,10,10,1
136,10,0,0.000145514,0,0.41762,3.3582e-05,0.417799,0.9,4,422,22,672,418,422,135,86,10,10,10,1
137,10,0,0.000145514,0,0.41762,3.3582e-05,0.417799,0.7,4,360,18,544,356,360,143,98,10,10,10,1
138,10,0,0.000145514,0,0.41762,3.3582e-05,0.417799,0.8,4,421,20,608,417,421,167,127,10,10,10,1
139,10,0,0.000145514,0,0.41762,3.3582e-05,0.417799,0.2,4,273,14,416,269,273,105,67,10,10,10,1
140,10,0,0.000145514,0,0.41762,3.3582e-05,0.417799,0.1,4,419,21,640,415,419,123,78,10,10,10,1
141,10,0,0.000145514,0,0.41762,3.3582e-05,0.417799,0.8,4,251,18,544,247,251,127,91,10,10,10,1
142,10,0,0.000145514,0,0.41762,3.3582e-05,0.417799,0.4,4,496,27,832,492,496,153,101,10,10,10,1
143,10,0,0.000145514,0,0.41762,3.3582e-05,0.417799,0.9,4,468,24,736,464,468,171,117,10,10,10,1
144,10,0,0.000145514,0,0.41762,3.3582e-05,0.417799,0.9,4,284,17,512,280,284,106,72,10,10,10,1
145,10,0,0.000145514,0,0.41762,3.3582e-05,0.417799,0.5,4,343,18,544,339,343,146,108,10,10,10,1
146,10,0,0.000145514,0,0.41762,3.3582e-05,0.417799,0.5,4,489,26,800,485,489,166,104,10,10,10,1
147,10,0,0.000145514,0,0.41762,3.3582e-05,0.417799,0.9,4,333,16,480,329,333,121,81,10,10,10,1
148,10,0,0.000145514,0,0.41762,3.3582e-05,0.417799,0.8,4,400,22,672,396,400,147,103,10,10,10,1
149,10,0,0.000145514,0,0.41762,3.3582e-05,0.417799,0.4,4,428,23,704,424,428,156,110,10,10,10,1
150,10,0,0.000145514,0,0.41762,3.3582e-05,0.417799,0.3,4,373,17,512,369,373,134,96,10,10,10,1
151,10,0,0.000145514,0,0.41762,3.3582e-05,0.417799,0.9,4,336,19,576,332,336,170,136,10,10,10,1
152,10,0,0.000145514,0,0.41762,3.3582e-05,0.417799,0.8,4,332,17,512,328,332,126,86,10,10,10,1
153,10,0,0.000145514,0,0.41762,3.3582e-05,0.417799,0.8,4,412,23,704,408,412,140,92,10,10,10,1
154,10,0,0.000145514,0,0.41762,3.3582e-05,0.417799,0.7,4,414,22,672,410,414,153,109,10,10,10,1
155,10,0,0.000145514,0,0.41762,3.3582e-05,0.417799,0.1,4,648,32,992,644,648,203,113,10,10,10,1
156,10,0,0.000145514,0,0.41762,3.3582e-05,0.417799,0.5,4,258,15,448,254,258,101,67,10,10,10,1
157,10,0,0.000145514,0,0.41762,3.3582e-05,0.417799,0.3,4,317,16,480,313,317,102,67,10,10,10,1
158,10,0,0.000145514,0,0.41762,3.3582e-05,0.417799,0.6,4,350,16,480,346,350,106,68,10,10,10,1
159,10,0,0.000145514,0,0.41762,3.3582e-05,0.417799,0.7,4,417,21,640,413,417,122,71,10,10,10,1
160,10,0,0.000145514,0,0.41762,3.3582e-05,0.417799,0.3,4,387,19,576,383,387,125,85,10,10,10,1
161,10,0,0.000145514,0,0.41762,3.3582e-05,0.417799,0.7,4,472,23,704,468,472,109,69,10,10,10,1
162,10,0,0.000145514,0,0.41762,3.3582e-05,0.417799,0.2,4,263,14,416,259,263,91,64,10,10,10,1
163,10,0,0.000145514,0,0.41762,3.3582e-05,0.417799,0.8,4,258,14,416,254,258,98,63,10,10,10,1
164,10,0,0.000145514,0,0.41762,3.3582e-05,0.417799,0.4,4,340,17,512,336,340,123,92,10,10,10,1
165,10,0,0.000145514,0,0.41762,3.3582e-05,0.417799,0.8,4,396,19,576,392,396,111,71,10,10,10,1
166,10,0,0.000145514,0,0.41762,3.3582e-05,0.417799,0.3,4,565,29,896,561,565,175,104,10,10,10,1
167,10,0,0.000145514,0,0.41762,3.3582e-05,0.417799,0.8,4,371,17,512,367,371,117,82,10,10,10,1
168,10,0,0.000145514,0,0.41762,3.3582e-05,0.417799,0.6,4,301,14,416,297,301,110,77,10,10,10,1
169,10,0,0.000145514,0,0.41762,3.3582e-05,0.417799,0.9,4,341,17,512,337,341,99,63,10,10,10,1
170,10,0,0.000145514,0,0.41762,3.3582e-05,0.417799,0.6,4,376,20,608,372,376,130,93,10,10,10,1
171,10,0,0.000145514,0,0.41762,3.3582e-05,0.417799,0.3,4,320,16,480,316,320,104,76,10,10,10,1
172,10,0,0.000145514,0,0.41762,3.3582e-05,0.417799,0.4,4,488,22,672,484,488,143,81,10,10,10,1
173,10,0,0.000145514,0,0.41762,3.3582e-05,0.417799,0.8,4,278,15,448,274,278,94,60,10,10,10,1
174,10,0,0.000145514,0,0.41762,3.3582e-05,0.417799,0.7,4,362,19,576,358,362,142,108,10,10,10,1
175,10,0,0.000145514,0,0.41762,3.3582e-05,0.417799,1,4,396,23,704,392,396,127,78,10,10,10,1
176,10,0,0.000145514,0,0.41762,3.3582e-05,0.417799,0.7,4,301,18,544,297,301,116,75,10,10,10,1
177,10,0,0.000145514,0,0.41762,3.3582e-05,0.417799,0.7,4,382,18,544,378,382,118,72,10,10,10,1
178,10,0,0.000145514,0,0.41762,3.3582e-05,0.417799,0.1,4,454,22,672,450,454,147,97,10,10,10,1
179,10,0,0.000145514,0,0.41762,3.3582e-05,0.417799,0.4,4,460,20,608,456,460,116,72,10,10,10,1
180,10,0,0.000145514,0,0.41762,3.3582e-05,0.417799,0.7,4,427,22,672,423,427,151,110,10,10,10,1
181,10,0,0.000145514,0,0.41762,3.3582e-05,0.417799,0.6,4,427,22,672,423,427,131,83,10,10,10,1
182,10,0,0.000145514,0,0.41762,3.3582e-05,0.417799,0.9,4,422,20,608,418,422,141,99,10,10,10,1
183,10,0,0.000145514,0,0.41762,3.3582e-05,0.417799,0.2,4,367,19,576,363,367,110,77,10,10,10,1
184,10,0,0.000145514,0,0.41762,3.3582e-05,0.417799,0.4,4,271,16,480,267,271,115,90,10,10,10,1
185,10,0,0.000145514,0,0.41762,3.3582e-05,0.417799,1,4,265,15,448,261,265,118,86,10,10,10,1
186,10,0,0.000145514,0,0.41762,3.3582e-05,0.417799,0.4,4,389,19,576,385,389,144,104,10,10,10,1
187,10,0,0.000145514,0,0.41762,3.3582e-05,0.417799,0.8,4,294,14,416,290,294,90,58,10,10,10,1
188,10,0,0.000145514,0,0.41762,3.3582e-05,0.417799,0.4,4,356,17,512,352,356,128,91,10,10,10,1
189,10,0,0.000145514,0,0.41762,3.3582e-05,0.417799,0.3,4,431,22,672,427,431,169,109,10,10,10,1
190,10,0,0.000145514,0,0.41762,3.3582e-05,0.417799,1,4,533,28,864,529,533,184,119,10,10,10,1
191,10,0,0.000145514,0,0.41762,3.3582e-05,0.417799,0.4,4,303,15,448,299,303,106,68,10,10,10,1
192,10,0,0.000145514,0,0.41762,3.3582e-05,0.417799,0.1,4,265,12,352,261,265,82,49,10,10,10,1
193,10,0,0.000145514,0,0.41762,3.3582e-05,0.417799,0.9,4,395,22,672,391,395,166,119,10,10,10,1
194,10,0,0.000145514,0,0.41762,3.3582e-05,0.417799,0.7,4,442,20,608,438,442,142,91,10,10,10,1
195,10,0,0.000145514,0,0.41762,3.3582e-05,0.417799,0.5,4,340,17,512,336,340,103,75,10,10,10,1
196,10,0,0.000145514,0,0.41762,3.3582e-05,0.417799,0.1,4,406,19,576,402,406,130,89,10,10,10,1
197,10,0,0.000145514,0,0.41762,3.3582e-05,0.417799,0.7,4,504,23,704,500,504,148,96,10,10,10,1
198,10,0,0.000145514,0,0.41762,3.3582e-05,0.417799,0.9,4,342,18,544,338,342,144,110,10,10,10,1
199,10,0,0.000145514,0,0.41762,3.3582e-05,0.417799,0.3,4,462,21,640,458,462,135,86,10,10,10,1
200,10,0,0.000145514,0,0.41762,3.3582e-05,0.417799,1,4,389,18,544,385,389,114,75,10,10,10,1
201,10,0,0.000145514,0,0.41762,3.3582e-05,0.417799,0.4,4,383,19,576,379,383,119,92,10,10,10,1
202,10,0,0.000145514,0,0.41762,3.3582e-05,0.417799,0.3,4,487,22,672,483,487,149,106,10,10,10,1
203,10,0,0.000145514,0,0.41762,3.3582e-05,0.417799,0.8,4,333,17,512,329,333,132,94,10,10,10,1
204,10,0,0.000145514,0,0.41762,3.3582e-05,0.417799,0.8,4,333,17,512,329,333,117,86,10,10,10,1
205,10,0,0.000145514,0,0.41762,3.3582e-05,0.417799,0.7,4,414,20,608,410,414,161,115,10,10,10,1
206,10,0,0.000145514,0,0.41762,3.3582e-05,0.417799,1,4,397,20,608,393,397,148,108,10,10,10,1
207,10,0,0.000145514,0,0.41762,3.3582e-05,0.417799,0.9,4,365,19,576,361,365,140,101,10,10,10,1
208,10,0,0.000145514,0,0.41762,3.3582e-05,0.417799,0.9,4,374,20,608,370,374,165,116,10,10,10,1
209,10,0,0.000145514,0,0.41762,3.3582e-05,0.417799,0.6,4,298,15,448,294,298,113,79,10,10,10,1
210,10,0,0.000145514,0,0.41762,3.3582e-05,0.417799,0,4,387,18,544,383,387,128,92,10,10,10,1
211,10,0,0.000145514,0,0.41762,3.3582e-05,0.417799,0.9,4,435,23,704,431,435,147,105,10,10,10,1
212,10,0,0.000145514,0,0.41762,3.3582e-05,0.417799,0.8,4,295,16,480,291,295,122,93,10,10,10,1
213,10,0,0.000145514,0,0.41762,3.3582e-05,0.417799,0.5,4,499,24,736,495,499,141,91,10,10,10,1
214,10,0,0.000145514,0,0.41762,3.3582e-05,0.417799,0,4,472,24,736,468,472,172,111,10,10,10,1
215,10,0,0.000145514,0,0.41762,3.3582e-05,0.417799,0.8,4,309,16,480,305,309,122,89,10,10,10,1
216,10,0,0.000145514,0,0.41762,3.3582e-05,0.417799,0.4,4,299,15,448,295,299,105,65,10,10,10,1
217,10,0,0.000145514,0,0.41762,3.3582e-05,0.417799,0.4,4,563,26,800,559,563,168,97,10,10,10,1
218,10,0,0.000145514,0,0.41762,3.3582e-05,0.417799,0.7,4,397,19,576,393,397,99,59,10,10,10,1
219,10,0,0.000145514,0,0.41762,3.3582e-05,0.417799,1,4,446,26,800,442,446,178,120,10,10,10,1
220,10,0,0.000145514,0,0.41762,3.3582e-05,0.417799,0.4,4,683,32,992,679,683,220,137,10,10,10,1
221,10,0,0.000145514,0,0.41762,3.3582e-05,0.417799,0.6,4,404,19,576,400,404,130,89,10,10,10,1
222,10,0,0.000145514,0,0.41762,3.3582e-05,0.417799,0,4,330,15,448,326,330,109,74,10,10,10,1
223,10,0,0.000145514,0,0.41762,3.3582e-05,0.417799,0,4,412,20,608,408,412,124,79,10,10,10,1
224,10,0,0.000145514,0,0.41762,3.3582e-05,0.417799,0.4,4,425,20,608,421,425,138,102,10,10,10,1
225,10,0,0.000145514,0,0.41762,3.3582e-05,0.417799,0.3,4,349,16,480,345,349,102,60,10,10,10,1
226,10,0,0.000145514,0,0.41762,3.3582e-05,0.417799,0.4,4,466,30,928,462,466,154,88,10,10,10,1
227,10,0,0.000145514,0,0.41762,3.3582e-05,0.417799,0.4,4,405,22,672,401,405,134,84,10,10,10,1
228,10,0,0.000145514,0,0.41762,3.3582e-05,0.417799,0.4,4,426,20,608,422,426,131,103,10,10,10,1
229,10,0,0.000145514,0,0.41762,3.3582e-05,0.417799,0.5,4,403,20,608,399,403,155,112,10,10,10,1
230,10,0,0.000145514,0,0.41762,3.3582e-05,0.417799,1,4,248,15,448,244,248,107,79,10,10,10,1
231,10,0,0.000145514,0,0.41762,3.3582e-05,0.417799,1,4,475,25,768,471,475,155,106,10,10,10,1
232,10,0,0.000145514,0,0.41762,3.3582e-05,0.417799,0.8,4,343,19,576,339,343,138,107,10,10,10,1
233,10,0,0.000145514,0,0.41762,3.3582e-05,0.417799,0.5,4,420,22,672,416,420,141,94,10,10,10,1
234,10,0,0.000145514,0,0.41762,3.3582e-05,0.417799,0.1,4,395,20,608,391,395,154,113,10,10,10,1
235,10,0,0.000145514,0,0.41762,3.3582e-05,0.417799,0.8,4,381,21,640,377,381,136,91,10,10,10,1
236,10,0,0.000145514,0,0.41762,3.3582e-05,0.417799,1,4,327,18,544,323,327,121,88,10,10,10,1
237,10,0,0.000145514,0,0.41762,3.3582e-05,0.417799,0.4,4,439,24,736,435,439,172,123,10,10,10,1
238,10,0,0.000145514,0,0.41762,3.3582e-05,0.417799,0.7,4,416,20,608,412,416,127,86,10,10,10,1
239,10,0,0.000145514,0,0.41762,3.3582e-05,0.417799,0.4,4,385,18,544,381,385,115,84,10,10,10,1
240,10,0,0.000145514,0,0.41762,3.3582e-05,0.417799,0.9,4,466,22,672,462,466,164,119,10,10,10,1
241,10,0,0.000145514,0,0.41762,3.3582e-05,0.417799,0.5,4,401,23,704,397,401,168,111,10,10,10,1
242,10,0,0.000145514,0,0.41762,3.3582e-05,0.417799,0.4,4,368,20,608,364,368,113,66,10,10,10,1
243,10,0,0.000145514,0,0.41762,3.3582e-05,0.417799,0.2,4,367,18,544,363,367,125,86,10,10,10,1
244,10,0,0.000145514,0,0.41762,3.3582e-05,0.417799,0.4,4,393,23,704,389,393,136,89,10,10,10,1
245,10,0,0.000145514,0,0.41762,3.3582e-05,0.417799,0.6,4,427,21,640,423,427,147,97,10,10,10,1
246,10,0,0.000145514,0,0.41762,3.3582e-05,0.417799,0.3,4,480,23,704,476,480,142,81,10,10,10,1
247,10,0,0.000145514,0,0.41762,3.3582e-05,0.417799,0.5,4,366,21,640,362,366,166,131,10,10,10,1
248,10,0,0.000145514,0,0.41762,3.3582e-05,0.417799,0.6,4,514,29,896,510,514,158,91,10,10,10,1
249,10,0,0.000145514,0,0.41762,3.3582e-05,0.417799,0.4,4,549,25,768,545,549,167,108,10,10,10,1
250,10,0,0.000145514,0,0.41762,3.3582e-05,0.417799,0,4,280,15,448,276,280,96,57,10,10,10,1
251,10,0,0.000145514,0,0.41762,3.3582e-05,0.417799,0,4,371,18,544,367,371,123,68,10,10,10,1
252,10,0,0.000145514,0,0.41762,3.3582e-05,0.417799,0.3,4,335,19,576,331,335,112,65,10,10,10,1
253,10,0,0.000145514,0,0.41762,3.3582e-05,0.417799,1,4,320,19,576,316,320,146,118,10,10,10,1
254,10,0,0.000145514,0,0.41762,3.3582e-05,0.417799,0.5,4,598,30,928,594,598,172,103,10,10,10,1
255,10,0,0.000145514,0,0.41762,3.3582e-05,0.417799,0.8,4,441,19,576,437,441,131,88,10,10,10,1
256,10,0,0.000145514,0,0.41762,3.3582e-05,0.417799,0.2,4,471,22,672,467,471,151,85,10,10,10,1
257,10,0,0.000145514,0,0.41762,3.3582e-05,0.417799,0.6,4,380,19,576,376,380,115,79,10,10,10,1
258,10,0,0.000145514,0,0.41762,3.3582e-05,0.417799,0.4,4,356,20,608,352,356,135,88,10,10,10,1
259,10,0,0.000145514,0,0.41762,3.3582e-05,0.417799,0.4,4,315,16,480,311,315,100,73,10,10,10,1
260,10,0,0.000145514,0,0.41762,3.3582e-05,0.417799,0.3,4,545,26,800,541,545,187,128,10,10,10,1
261,10,0,0.000145514,0,0.41762,3.3582e-05,0.417799,0.5,4,322,18,544,318,322,118,71,10,10,10,1
262,10,0,0.000145514,0,0.41762,3.3582e-05,0.417799,0.6,4,363,16,480,359,363,115,74,10,10,10,1
263,10,0,0.000145514,0,0.41762,3.3582e-05,0.417799,1,4,236,15,448,232,236,104,75,10,10,10,1
264,10,0,0.000145514,0,0.41762,3.3582e-05,0.417799,0.8,4,390,18,544,386,390,126,93,10,10,10,1
265,10,0,0.000145514,0,0.41762,3.3582e-05,0.417799,0.9,4,368,20,608,364,368,150,116,10,10,10,1
266,10,0,0.000145514,0,0.41762,3.3582e-05,0.417799,0.7,4,333,18,544,329,333,133,102,10,10,10,1
267,10,0,0.000145514,0,0.41762,3.3582e-05,0.417799,0.9,4,378,19,576,374,378,137,91,10,10,10,1
268,10,0,0.000145514,0,0.41762,3.3582e-05,0.417799,0.4,4,327,16,480,323,327,108,69,10,10,10,1
269,10,0,0.000145514,0,0.41762,3.3582e-05,0.417799,0.8,4,368,19,576,364,368,133,91,10,10,10,1
270,10,0,0.000145514,0,0.41762,3.3582e-05,0.417799,0.5,4,395,21,640,391,395,122,61,10,10,10,1
271,10,0,0.000145514,0,0.41762,3.3582e-05,0.417799,0.4,4,355,19,576,351,355,120,89,10,10,10,1
272,10,0,0.000145514,0,0.41762,3.3582e-05,0.417799,0.5,4,384,23,704,380,384,138,82,10,10,10,1
273,10,0,0.000145514,0,0.41762,3.3582e-05,0.417799,0.6,4,381,20,608,377,381,124,92,10,10,10,1
274,10,0,0.000145514,0,0.41762,3.3582e-05,0.417799,0,4,460,23,704,456,460,145,77,10,10,10,1
275,10,0,0.000145514,0,0.41762,3.3582e-05,0.417799,0.6,4,380,19,576,376,380,140,103,10,10,10,1
276,10,0,0.000145514,0,0.41762,3.3582e-05,0.417799,0.5,4,416,21,640,412,416,139,86,10,10,10,1
277,10,0,0.000145514,0,0.41762,3.3582e-05,0.417799,0.3,4,470,25,768,466,470,131,86,10,10,10,1
278,10,0,0.000145514,0,0.41762,3.3582e-05,0.417799,0.8,4,306,16,480,302,306,112,74,10,10,10,1
279,10,0,0.000145514,0,0.41762,3.3582e-05,0.417799,0.3,4,442,20,608,438,442,147,100,10,10,10,1
280,10,0,0.000145514,0,0.41762,3.3582e-05,0.417799,0.8,4,360,20,608,356,360,139,83,10,10,10,1
281,10,0,0.000145514,0,0.41762,3.3582e-05,0.417799,0.5,4,376,21,640,372,376,144,101,10,10,10,1
282,10,0,0.000145514,0,0.41762,3.3582e-05,0.417799,0.4,4,397,19,576,393,397,121,79,10,10,10,1
283,10,0,0.000145514,0,0.41762,3.3582e-05,0.417799,0.8,4,476,22,672,472,476,160,122,10,10,10,1
284,10,0,0.000145514,0,0.41762,3.3582e-05,0.417799,0.7,4,540,26,800,536,540,158,108,10,10,10,1
285,10,0,0.000145514,0,0.41762,3.3582e-05,0.417799,0.1,4,441,20,608,437,441,134,79,10,10,10,1
286,10,0,0.000145514,0,0.41762,3.3582e-05,0.417799,0.6,4,312,15,448,308,312,114,72,10,10,10,1
287,10,0,0.000145514,0,0.41762,3.3582e-05,0.417799,0.5,4,484,24,736,480,484,177,121,10,10,10,1
288,10,0,0.000145514,0,0.41762,3.3582e-05,0.417799,0.8,4,373,22,672,369,373,158,111,10,10,10,1
289,10,0,0.000145514,0,0.41762,3.3582e-05,0.417799,0.1,4,293,17,512,289,293,119,78,10,10,10,1
290,10,0,0.000145514,0,0.41762,3.3582e-05,0.417799,0.5,4,347,17,512,343,347,122,88,10,10,10,1
291,10,0,0.000145514,0,0.41762,3.3582e-05,0.417799,0.7,4,295,15,448,291,295,111,83,10,10,10,1
292,10,0,0.000145514,0,0.41762,3.3582e-05,0.417799,0.8,4,417,21,640,413,417,156,91,10,10,10,1
293,10,0,0.000145514,0,0.41762,3.3582e-05,0.417799,0.8,4,503,24,736,499,503,135,83,10,10,10,1
294,10,0,0.000145514,0,0.41762,3.3582e-05,0.417799,0.8,4,373,19,576,369,373,120,83,10,10,10,1
295,10,0,0.000145514,0,0.41762,3.3582e-05,0.417799,0.7,4,462,20,608,458,462,144,99,10,10,10,1
296,10,0,0.000145514,0,0.41762,3.3582e-05,0.417799,0.6,4,470,22,672,466,470,138,83,10,10,10,1
297,10,0,0.000145514,0,0.41762,3.3582e-05,0.417799,0.7,4,393,18,544,389,393,155,108,10,10,10,1
298,10,0,0.000145514,0,0.41762,3.3582e-05,0.417799,0.3,4,374,18,544,370,374,115,71,10,10,10,1
299,10,0,0.000145514,0,0.41762,3.3582e-05,0.417799,0.4,4,317,16,480,313,317,94,74,10,10,10,1
300,10,0,0.000145514,0,0.41762,3.3582e-05,0.417799,0.2,4,485,23,704,481,485,136,92,10,10,10,1
301,10,0,0.000145514,0,0.41762,3.3582e-05,0.417799,0.8,4,396,23,704,392,396,167,114,10,10,10,1
302,10,0,0.000145514,0,0.41762,3.3582e-05,0.417799,0.8,4,368,20,608,364,368,121,80,10,10,10,1
303,10,0,0.000145514,0,0.41762,3.3582e-05,0.417799,0.8,4,383,18,544,379,383,149,122,10,10,10,1
304,10,0,0.000145514,0,0.41762,3.3582e-05,0.417799,0,4,345,15,448,341,345,104,73,10,10,10,1
305,10,0,0.000145514,0,0.41762,3.3582e-05,0.417799,0.3,4,219,13,384,215,219,83,44,10,10,10,1
306,10,0,0.000145514,0,0.41762,3.3582e-05,0.417799,0.6,4,520,26,800,516,520,141,74,10,10,10,1
307,10,0,0.000145514,0,0.41762,3.3582e-05,0.417799,0.4,4,436,21,640,432,436,138,90,10,10,10,1
308,10,0,0.000145514,0,0.41762,3.3582e-05,0.417799,0.2,4,364,19,576,360,364,124,79,10,10,10,1
309,10,0,0.000145514,0,0.41762,3.3582e-05,0.417799,0.5,4,420,19,576,416,420,106,59,10,10,10,1
310,10,0,0.000145514,0,0.41762,3.3582e-05,0.417799,0,4,293,17,512,289,293,94,59,10,10,10,1
311,10,0,0.000145514,0,0.41762,3.3582e-05,0.417799,0.5,4,576,30,928,572,576,187,94,10,10,10,1
312,10,0,0.000145514,0,0.41762,3.3582e-05,0.417799,0.4,4,408,21,640,404,408,120,75,10,10,10,1
313,10,0,0.000145514,0,0.41762,3.3582e-05,0.417799,0.4,4,283,14,416,279,283,93,61,10,10,10,1
314,10,0,0.000145514,0,0.41762,3.3582e-05,0.417799,1,4,398,19,576,394,398,145,103,10,10,10,1
315,10,0,0.000145514,0,0.41762,3.3582e-05,0.417799,1,4,556,27,832,552,556,170,113,10,10,10,1
316,10,0,0.000145514,0,0.41762,3.3582e-05,0.417799,0.5,4,370,19,576,366,370,132,84,10,10,10,1
317,10,0,0.000145514,0,0.41762,3.3582e-05,0.417799,0,4,493,24,736,489,493,139,84,10,10,10,1
318,10,0,0.000145514,0,0.41762,3.3582e-05,0.417799,0.6,4,354,20,608,350,354,125,80,10,10,10,1
319,10,0,0.000145514,0,0.41762,3.3582e-05,0.417799,0.3,4,322,16,480,318,322,92,63,10,10,10,1
320,10,0,0.000145514,0,0.41762,3.3582e-05,0.417799,0.2,4,642,32,992,638,642,170,97,10,10,10,1
321,10,0,0.000145514,0,0.41762,3.3582e-05,0.417799,0.5,4,440,22,672,436,440,141,82,10,10,10,1
322,10,0,0.000145514,0,0.41762,3.3582e-05,0.417799,0.6,4,541,25,768,537,541,156,97,10,10,10,1
323,10,0,0.000145514,0,0.41762,3.3582e-05,0.417799,0.2,4,398,19,576,394,398,115,68,10,10,10,1
324,10,0,0.000145514,0,0.41762,3.3582e-05,0.417799,0.3,4,419,20,608,415,419,123,74,10,10,10,1
325,10,0,0.000145514,0,0.41762,3.3582e-05,0.417799,0.2,4,441,20,608,437,441,119,75,10,10,10,1
326,10,0,0.000145514,0,0.41762,3.3582e-05,0.417799,0,4,375,20,608,371,375,118,78,10,10,10,1
327,10,0,0.000145514,0,0.41762,3.3582e-05,0.417799,1,4,359,19,576,355,359,134,97,10,10,10,1
328,10,0,0.000145514,0,0.41762,3.3582e-05,0.417799,1,4,363,17,512,359,363,122,95,10,10,10,1
329,10,0,0.000145514,0,0.41762,3.3582e-05,0.417799,0.3,4,498,24,736,494,498,157,101,10,10,10,1
330,10,0,0.000145514,0,0.41762,3.3582e-05,0.417799,0.8,4,391,20,608,387,391,136,86,10,10,10,1
331,10,0,0.000145514,0,0.41762,3.3582e-05,0.417799,0.7,4,309,15,448,305,309,118,80,10,10,10,1
332,10,0,0.000145514,0,0.41762,3.3582e-05,0.417799,0.5,4,309,15,448,305,309,86,57,10,10,10,1
333,10,0,0.000145514,0,0.41762,3.3582e-05,0.417799,0.4,4,330,16,480,326,330,115,77,10,10,10,1
334,10,0,0.000145514,0,0.41762,3.3582e-05,0.417799,0.8,4,322,16,480,318,322,127,92,10,10,10,1
335,10,0,0.000145514,0,0.41762,3.3582e-05,0.417799,0.6,4,346,17,512,342,346,125,86,10,10,10,1
336,10,0,0.000145514,0,0.41762,3.3582e-05,0.417799,0.5,4,457,22,672,453,457,144,102,10,10,10,1
337,10,0,0.000145514,0,0.41762,3.3582e-05,0.417799,0.7,4,482,26,800,478,482,152,79,10,10,10,1
338,10,0,0.000145514,0,0.41762,3.3582e-05,0.417799,0.5,4,448,21,640,444,448,139,86,10,10,10,1
339,10,0,0.000145514,0,0.41762,3.3582e-05,0.417799,0.4,4,383,18,544,379,383,139,105,10,10,10,1
340,10,0,0.000145514,0,0.41762,3.3582e-05,0.417799,0.3,4,338,18,544,334,338,109,74,10,10,10,1
341,10,0,0.000145514,0,0.41762,3.3582e-05,0.417799,0.9,4,400,19,576,396,400,128,87,10,10,10,1
342,10,0,0.000145514,0,0.41762,3.3582e-05,0.417799,0.8,4,375,18,544,371,375,113,60,10,10,10,1
343,10,0,0.000145514,0,0.41762,3.3582e-05,0.417799,0.9,4,402,18,544,398,402,128,78,10,10,10,1
344,10,0,0.000145514,0,0.41762,3.3582e-05,0.417799,1,4,508,22,672,504,508,173,115,10,10,10,1
345,10,0,0.000145514,0,0.41762,3.3582e-05,0.417799,0.3,4,452,24,736,448,452,132,78,10,10,10,1
346,10,0,0.000145514,0,0.41762,3.3582e-05,0.417799,0.8,4,392,21,640,388,392,170,129,10,10,10,1
347,10,0,0.000145514,0,0.41762,3.3582e-05,0.417799,0.9,4,382,18,544,378,382,137,90,10,10,10,1
348,10,0,0.000145514,0,0.41762,3.3582e-05,0.417799,0.5,4,395,19,576,391,395,118,76,10,10,10,1
349,10,0,0.000145514,0,0.41762,3.3582e-05,0.417799,0.4,4,388,18,544,384,388,119,82,10,10,10,1
350,10,0,0.000145514,0,0.41762,3.3582e-05,0.417799,0.4,4,387,17,512,383,387,124,92,10,10,10,1
351,10,0,0.000145514,0,0.41762,3.3582e-05,0.417799,0.8,4,328,16,480,324,328,103,63,10,10,10,1
352,10,0,0.000145514,0,0.41762,3.3582e-05,0.417799,0.6,4,436,23,704,432,436,130,93,10,10,10,1
353,10,0,0.000145514,0,0.41762,3.3582e-05,0.417799,0.9,4,358,18,544,354,358,117,80,10,10,10,1
354,10,0,0.000145514,0,0.41762,3.3582e-05,0.417799,0.1,4,446,21,640,442,446,141,93,10,10,10,1
355,10,0,0.000145514,0,0.41762,3.3582e-05,0.417799,0.3,4,351,17,512,347,351,128,91,10,10,10,1
356,10,0,0.000145514,0,0.41762,3.3582e-05,0.417799,1,4,351,17,512,347,351,169,116,10,10,10,1
357,10,0,0.000145514,0,0.41762,3.3582e-05,0.417799,0.9,4,285,15,448,281,285,90,51,10,10,10,1
358,10,0,0.000145514,0,0.41762,3.3582e-05,0.417799,0.8,4,421,22,672,417,421,146,91,10,10,10,1
359,10,0,0.000145514,0,0.41762,3.3582e-05,0.417799,0.7,4,430,18,544,426,430,140,91,10,10,10,1
360,10,0,0.000145514,0,0.41762,3.3582e-05,0.417799,0.5,4,416,20,608,412,416,147,88,10,10,10,1
361,10,0,0.000145514,0,0.41762,3.3582e-05,0.417799,0.4,4,531,24,736,527,531,138,90,10,10,10,1
362,10,0,0.000145514,0,0.41762,3.3582e-05,0.417799,0.4,4,349,18,544,345,349,134,85,10,10,10,1
363,10,0,0.000145514,0,0.41762,3.3582e-05,0.417799,1,4,488,23,704,484,488,163,116,10,10,10,1
364,10,0,0.000145514,0,0.41762,3.3582e-05,0.417799,0.6,4,331,17,512,327,331,116,91,10,10,10,1
365,10,0,0.000145514,0,0.41762,3.3582e-05,0.417799,1,4,435,22,672,431,435,153,115,10,10,10,1
366,10,0,0.000145514,0,0.41762,3.3582e-05,0.417799,0.8,4,435,20,608,431,435,146,97,10,10,10,1
367,10,0,0.000145514,0,0.41762,3.3582e-05,0.417799,0.5,4,483,24,736,479,483,162,98,10,10,10,1
368,10,0,0.000145514,0,0.41762,3.3582e-05,0.417799,0.7,4,277,16,480,273,277,114,80,10,10,10,1
369,10,0,0.000145514,0,0.41762,3.3582e-05,0.417799,0.6,4,441,20,608,437,441,139,90,10,10,10,1
370,10,0,0.000145514,0,0.41762,3.3582e-05,0.417799,0.9,4,322,15,448,318,322,96,55,10,10,10,1
371,10,0,0.000145514,0,0.41762,3.3582e-05,0.417799,1,4,419,19,576,415,419,123,70,10,10,10,1
372,10,0,0.000145514,0,0.41762,3.3582e-05,0.417799,0.3,4,232,15,448,228,232,98,71,10,10,10,1
373,10,0,0.000145514,0,0.41762,3.3582e-05,0.417799,0.6,4,413,18,544,409,413,133,99,10,10,10,1
374,10,0,0.000145514,0,0.41762,3.3582e-05,0.417799,0.8,4,406,20,608,402,406,162,123,10,10,10,1
375,10,0,0.000145514,0,0.41762,3.3582e-05,0.417799,0.2,4,345,15,448,341,345,104,60,10,10,10,1
376,10,0,0.000145514,0,0.41762,3.3582e-05,0.417799,0.3,4,453,23,704,449,453,140,86,10,10,10,1
377,10,0,0.000145514,0,0.41762,3.3582e-05,0.417799,0.9,4,279,15,448,275,279,115,84,10,10,10,1
378,10,0,0.000145514,0,0.41762,3.3582e-05,0.417799,0.9,4,415,18,544,411,415,148,110,10,10,10,1
379,10,0,0.000145514,0,0.41762,3.3582e-05,0.417799,0.6,4,314,17,512,310,314,117,79,10,10,10,1
380,10,0,0.000145514,0,0.41762,3.3582e-05,0.417799,0,4,317,16,480,313,317,106,75,10,10,10,1
381,10,0,0.000145514,0,0.41762,3.3582e-05,0.417799,0.4,4,475,22,672,471,475,149,91,10,10,10,1
382,10,0,0.000145514,0,0.41762,3.3582e-05,0.417799,0.2,4,384,20,608,380,384,151,107,10,10,10,1
383,10,0,0.000145514,0,0.41762,3.3582e-05,0.417799,0.5,4,609,27,832,605,609,155,102,10,10,10,1
384,10,0,0.000145514,0,0.41762,3.3582e-05,0.417799,0.5,4,361,19,576,357,361,105,74,10,10,10,1
385,10,0,0.000145514,0,0.41762,3.3582e-05,0.417799,0.5,4,422,21,640,418,422,153,108,10,10,10,1
386,10,0,0.000145514,0,0.41762,3.3582e-05,0.417799,0.4,4,322,14,416,318,322,88,55,10,10,10,1
387,10,0,0.000145514,0,0.41762,3.3582e-05,0.417799,0.8,4,364,17,512,360,364,115,87,10,10,10,1
388,10,0,0.000145514,0,0.41762,3.3582e-05,0.417799,0.2,4,286,16,480,282,286,106,77,10,10,10,1
389,10,0,0.000145514,0,0.41762,3.3582e-05,0.417799,0,4,297,15,448,293,297,110,76,10,10,10,1
390,10,0,0.000145514,0,0.41762,3.3582e-05,0.417799,0.6,4,356,16,480,352,356,127,82,10,10,10,1
391,10,0,0.000145514,0,0.41762,3.3582e-05,0.417799,0.7,4,388,20,608,384,388,134,85,10,10,10,1
392,10,0,0.000145514,0,0.41762,3.3582e-05,0.417799,0.1,4,483,22,672,479,483,141,94,10,10,10,1
393,10,0,0.000145514,0,0.41762,3.3582e-05,0.417799,0.5,4,295,15,448,291,295,108,73,10,10,10,1
394,10,0,0.000145514,0,0.41762,3.3582e-05,0.417799,0.8,4,385,24,736,381,385,128,78,10,10,10,1
395,10,0,0.000145514,0,0.41762,3.3582e-05,0.417799,0.7,4,391,20,608,387,391,118,76,10,10,10,1
396,10,0,0.000145514,0,0.41762,3.3582e-05,0.417799,0.3,4,491,23,704,487,491,136,87,10,10,10,1
397,10,0,0.000145514,0,0.41762,3.3582e-05,0.417799,0.4,4,290,16,480,286,290,102,66,10,10,10,1
398,10,0,0.000145514,0,0.41762,3.3582e-05,0.417799,0.6,4,311,17,512,307,311,107,80,10,10,10,1
399,10,0,0.000145514,0,0.41762,3.3582e-05,0.417799,1,4,295,16,480,291,295,116,86,10,10,10,1
400,10,0,0.000145514,0,0.41762,3.3582e-05,0.417799,0.4,4,332,18,544,328,332,110,74,10,10,10,1
401,10,0,0.000145514,0,0.41762,3.3582e-05,0.417799,0.7,4,434,19,576,430,434,125,79,10,10,10,1
402,10,0,0.000145514,0,0.41762,3.3582e-05,0.417799,0.5,4,508,26,800,504,508,142,78,10,10,10,1
403,10,0,0.000145514,0,0.41762,3.3582e-05,0.417799,0.2,4,280,13,384,276,280,88,56,10,10,10,1
404,10,0,0.000145514,0,0.41762,3.3582e-05,0.417799,0.9,4,436,21,640,432,436,171,127,10,10,10,1
405,10,0,0.000145514,0,0.41762,3.3582e-05,0.417799,0.6,4,493,24,736,489,493,149,94,10,10,10,1
406,10,0,0.000145514,0,0.41762,3.3582e-05,0.417799,0.7,4,464,21,640,460,464,143,113,10,10,10,1
407,10,0,0.000145514,0,0.41762,3.3582e-05,0.417799,0.8,4,338,16,480,334,338,97,68,10,10,10,1
408,10,0,0.000145514,0,0.41762,3.3582e-05,0.417799,0.8,4,352,17,512,348,352,115,84,10,10,10,1
409,10,0,0.000145514,0,0.41762,3.3582e-05,0.417799,0.2,4,221,13,384,217,221,93,58,10,10,10,1
410,10,0,0.000145514,0,0.41762,3.3582e-05,0.417799,0.8,4,359,19,576,355,359,104,63,10,10,10,1
411,10,0,0.000145514,0,0.41762,3.3582e-05,0.417799,0.2,4,444,22,672,440,444,170,119,10,10,10,1
412,10,0,0.000145514,0,0.41762,3.3582e-05,0.417799,0.6,4,510,25,768,506,510,115,63,10,10,10,1
413,10,0,0.000145514,0,0.41762,3.3582e-05,0.417799,0,4,308,14,416,304,308,91,52,10,10,10,1
414,10,0,0.000145514,0,0.41762,3.3582e-05,0.417799,0.7,4,541,27,832,537,541,174,104,10,10,10,1
415,10,0,0.000145514,0,0.41762,3.3582e-05,0.417799,0.1,4,406,19,576,402,406,134,89,10,10,10,1
416,10,0,0.000145514,0,0.41762,3.3582e-05,0.417799,0.6,4,331,16,480,327,331,129,94,10,10,10,1
417,10,0,0.000145514,0,0.41762,3.3582e-05,0.417799,0.9,4,347,18,544,343,347,115,93,10,10,10,1
418,10,0,0.000145514,0,0.41762,3.3582e-05,0.417799,0.2,4,365,19,576,361,365,120,86,10,10,10,1
419,10,0,0.000145514,0,0.41762,3.3582e-05,0.417799,0.6,4,311,16,480,307,311,103,63,10,10,10,1
420,10,0,0.000145514,0,0.41762,3.3582e-05,0.417799,0.8,4,331,18,544,327,331,126,95,10,10,10,1
421,10,0,0.000145514,0,0.41762,3.3582e-05,0.417799,0.6,4,393,21,640,389,393,140,102,10,10,10,1
422,10,0,0.000145514,0,0.41762,3.3582e-05,0.417799,1,4,299,15,448,295,299,128,93,10,10,10,1
423,10,0,0.000145514,0,0.41762,3.3582e-05,0.417799,0.4,4,315,17,512,311,315,114,84,10,10,10,1
424,10,0,0.000145514,0,0.41762,3.3582e-05,0.417799,0,4,422,22,672,418,422,120,69,10,10,10,1
425,10,0,0.000145514,0,0.41762,3.3582e-05,0.417799,0.3,4,296,15,448,292,296,105,71,10,10,10,1
426,10,0,0.000145514,0,0.41762,3.3582e-05,0.417799,0.6,4,345,16,480,341,345,131,92,10,10,10,1
427,10,0,0.000145514,0,0.41762,3.3582e-05,0.417799,0.8,4,332,18,544,328,332,116,85,10,10,10,1
428,10,0,0.000145514,0,0.41762,3.3582e-05,0.417799,0.6,4,328,17,512,324,328,113,80,10,10,10,1
429,10,0,0.000145514,0,0.41762,3.3582e-05,0.417799,0.1,4,411,22,672,407,411,130,83,10,10,10,1
430,10,0,0.000145514,0,0.41762,3.3582e-05,0.417799,0.9,4,382,19,576,378,382,137,102,10,10,10,1
431,10,0,0.000145514,0,0.41762,3.3582e-05,0.417799,0.1,4,246,13,384,242,246,80,57,10,10,10,1
432,10,0,0.000145514,0,0.41762,3.3582e-05,0.417799,0.7,4,436,21,640,432,436,122,77,10,10,10,1
433,10,0,0.000145514,0,0.41762,3.3582e-05,0.417799,0,4,325,17,512,321,325,99,54,10,10,10,1
434,10,0,0.000145514,0,0.41762,3.3582e-05,0.417799,0.8,4,544,22,672,540,544,156,111,10,10,10,1
435,10,0,0.000145514,0,0.41762,3.3582e-05,0.417799,0.5,4,429,22,672,425,429,140,80,10,10,10,1
436,10,0,0.000145514,0,0.41762,3.3582e-05,0.417799,0.9,4,372,18,544,368,372,127,81,10,10,10,1
437,10,0,0.000145514,0,0.41762,3.3582e-05,0.417799,1,4,383,17,512,379,383,127,84,10,10,10,1
438,10,0,0.000145514,0,0.41762,3.3582e-05,0.417799,0.9,4,476,23,704,472,476,147,84,10,10,10,1
439,10,0,0.000145514,0,0.41762,3.3582e-05,0.417799,0.8,4,339,18,544,335,339,133,80,10,10,10,1
440,10,0,0.000145514,0,0.41762,3.3582e-05,0.417799,1,4,382,20,608,378,382,145,103,10,10,10,1
441,10,0,0.000145514,0,0.41762,3.3582e-05,0.417799,0.4,4,655,33,1024,651,655,198,107,10,10,10,1
442,10,0,0.000145514,0,0.41762,3.3582e-05,0.417799,1,4,408,22,672,404,408,156,114,10,10,10,1
443,10,0,0.000145514,0,0.41762,3.3582e-05,0.417799,0.3,4,298,15,448,294,298,109,80,10,10,10,1
444,10,0,0.000145514,0,0.41762,3.3582e-05,0.417799,0.6,4,366,17,512,362,366,96,51,10,10,10,1
445,10,0,0.000145514,0,0.41762,3.3582e-05,0.417799,0.7,4,335,21,640,331,335,118,76,10,10,10,1
446,10,0,0.000145514,0,0.41762,3.3582e-05,0.417799,0.3,4,473,22,672,469,473,149,107,10,10,10,1
447,10,0,0.000145514,0,0.41762,3.3582e-05,0.417799,0.1,4,389,22,672,385,389,122,78,10,10,10,1
448,10,0,0.000145514,0,0.41762,3.3582e-05,0.417799,0.4,4,487,26,800,483,487,158,105,10,10,10,1
449,10,0,0.000145514,0,0.41762,3.3582e-05,0.417799,0.9,4,604,29,896,600,604,203,130,10,10,10,1
450,10,0,0.000145514,0,0.41762,3.3582e-05,0.417799,0.6,4,453,23,704,449,453,151,93,10,10,10,1
451,10,0,0.000145514,0,0.41762,3.3582e-05,0.417799,0.5,4,302,14,416,298,302,109,69,10,10,10,1
452,10,0,0.000145514,0,0.41762,3.3582e-05,0.417799,0.4,4,502,23,704,498,502,154,90,10,10,10,1
453,10,0,0.000145514,0,0.41762,3.3582e-05,0.417799,0.1,4,387,19,576,383,387,121,82,10,10,10,1
454,10,0,0.000145514,0,0.41762,3.3582e-05,0.417799,0.1,4,286,14,416,282,286,104,66,10,10,10,1
455,10,0,0.000145514,0,0.41762,3.3582e-05,0.417799,0.4,4,411,22,672,407,411,140,89,10,10,10,1
456,10,0,0.000145514,0,0.41762,3.3582e-05,0.417799,0.8,4,524,25,768,520,524,156,101,10,10,10,1
457,10,0,0.000145514,0,0.41762,3.3582e-05,0.417799,0.5,4,383,18,544,379,383,142,101,10,10,10,1
458,10,0,0.000145514,0,0.41762,3.3582e-05,0.417799,0.7,4,398,21,640,394,398,147,96,10,10,10,1
459,10,0,0.000145514,0,0.41762,3.3582e-05,0.417799,0,4,339,15,448,335,339,113,79,10,10,10,1
460,10,0,0.000145514,0,0.41762,3.3582e-05,0.417799,0.4,4,472,21,640,468,472,121,79,10,10,10,1
461,10,0,0.000145514,0,0.41762,3.3582e-05,0.417799,0.6,4,294,15,448,290,294,96,72,10,10,10,1
462,10,0,0.000145514,0,0.41762,3.3582e-05,0.417799,0.9,4,335,19,576,331,335,149,112,10,10,10,1
463,10,0,0.000145514,0,0.41762,3.3582e-05,0.417799,0.9,4,268,14,416,264,268,94,69,10,10,10,1
464,10,0,0.000145514,0,0.41762,3.3582e-05,0.417799,0.9,4,329,16,480,325,329,130,104,10,10,10,1
465,10,0,0.000145514,0,0.41762,3.3582e-05,0.417799,0.8,4,348,17,512,344,348,118,73,10,10,10,1
466,10,0,0.000145514,0,0.41762,3.3582e-05,0.417799,0.6,4,366,16,480,362,366,130,95,10,10,10,1
467,10,0,0.000145514,0,0.41762,3.3582e-05,0.417799,0.4,4,471,20,608,467,471,149,96,10,10,10,1
468,10,0,0.000145514,0,0.41762,3.3582e-05,0.417799,0.6,4,404,19,576,400,404,139,98,10,10,10,1
469,10,0,0.000145514,0,0.41762,3.3582e-05,0.417799,0.3,4,334,16,480,330,334,131,108,10,10,10,1
470,10,0,0.000145514,0,0.41762,3.3582e-05,0.417799,1,4,333,17,512,329,333,132,95,10,10,10,1
471,10,0,0.000145514,0,0.41762,3.3582e-05,0.417799,0.2,4,426,24,736,422,426,138,73,10,10,10,1
472,10,0,0.000145514,0,0.41762,3.3582e-05,0.417799,0.5,4,470,23,704,466,470,149,95,10,10,10,1
473,10,0,0.000145514,0,0.41762,3.3582e-05,0.417799,0.7,4,450,27,832,446,450,182,114,10,10,10,1
474,10,0,0.000145514,0,0.41762,3.3582e-05,0.417799,0.6,4,354,18,544,350,354,114,78,10,10,10,1
475,10,0,0.000145514,0,0.41762,3.3582e-05,0.417799,0.9,4,407,20,608,403,407,145,106,10,10,10,1
476,10,0,0.000145514,0,0.41762,3.3582e-05,0.417799,0.5,4,295,17,512,291,295,118,86,10,10,10,1
477,10,0,0.000145514,0,0.41762,3.3582e-05,0.417799,0.8,4,463,22,672,459,463,167,120,10,10,10,1
478,10,0,0.000145514,0,0.41762,3.3582e-05,0.417799,1,4,331,19,576,327,331,148,125,10,10,10,1
479,10,0,0.000145514,0,0.41762,3.3582e-05,0.417799,0.9,4,558,28,864,554,558,159,97,10,10,10,1
480,10,0,0.000145514,0,0.41762,3.3582e-05,0.417799,1,4,384,22,672,380,384,192,160,10,10,10,1
481,10,0,0.000145514,0,0.41762,3.3582e-05,0.417799,0.6,4,322,16,480,318,322,126,96,10,10,10,1
482,10,0,0.000145514,0,0.41762,3.3582e-05,0.417799,0.9,4,474,27,832,470,474,188,128,10,10,10,1
483,10,0,0.000145514,0,0.41762,3.3582e-05,0.417799,0.2,4,309,16,480,305,309,120,90,10,10,10,1
484,10,0,0.000145514,0,0.41762,3.3582e-05,0.417799,0.9,4,378,20,608,374,378,156,120,10,10,10,1
485,10,0,0.000145514,0,0.41762,3.3582e-05,0.417799,0.9,4,327,18,544,323,327,147,109,10,10,10,1
486,10,0,0.000145514,0,0.41762,3.3582e-05,0.417799,0.7,4,449,22,672,445,449,149,109,10,10,10,1
487,10,0,0.000145514,0,0.41762,3.3582e-05,0.417799,0.9,4,345,17,512,341,345,102,77,10,10,10,1
488,10,0,0.000145514,0,0.41762,3.3582e-05,0.417799,0.9,4,326,17,512,322,326,115,81,10,10,10,1
489,10,0,0.000145514,0,0.41762,3.3582e-05,0.417799,0,4,194,13,384,190,194,76,49,10,10,10,1
490,10,0,0.000145514,0,0.41762,3.3582e-05,0.417799,0.8,4,370,19,576,366,370,135,89,10,10,10,1
491,10,0,0.000145514,0,0.41762,3.3582e-05,0.417799,0.6,4,541,28,864,537,541,181,110,10,10,10,1
492,10,0,0.000145514,0,0.41762,3.3582e-05,0.417799,1,4,419,20,608,415,419,139,93,10,10,10,1
493,10,0,0.000145514,0,0.41762,3.3582e-05,0.417799,1,4,299,16,480,295,299,150,119,10,10,10,1
494,10,0,0.000145514,0,0.41762,3.3582e-05,0.417799,0.8,4,376,19,576,372,376,140,98,10,10,10,1
495,10,0,0.000145514,0,0.41762,3.3582e-05,0.417799,0.8,4,379,18,544,375,379,122,80,10,10,10,1
496,10,0,0.000145514,0,0.41762,3.3582e-05,0.417799,1,4,341,18,544,337,341,152,118,10,10,10,1
497,10,0,0.000145514,0,0.41762,3.3582e-05,0.417799,0.1,4,292,14,416,288,292,88,59,10,10,10,1
498,10,0,0.000145514,0,0.41762,3.3582e-05,0.417799,0.4,4,376,18,544,372,376,139,98,10,10,10,1
499,10,0,0.000145514,0,0.41762,3.3582e-05,0.417799,0.3,4,330,18,544,326,330,111,74,10,10,10,1
500,10,0,0.000145514,0,0.41762,3.3582e-05,0.417799,0.7,4,239,13,384,235,239,78,56,10,10,10,1
501,10,0,0.000145514,0,0.41762,3.3582e-05,0.417799,0.5,4,525,27,832,521,525,176,105,10,10,10,1
502,10,0,0.000145514,0,0.41762,3.3582e-05,0.417799,0.8,4,388,20,608,384,388,152,121,10,10,10,1
503,10,0,0.000145514,0,0.41762,3.3582e-05,0.417799,0.7,4,417,20,608,413,417,128,79,10,10,10,1
504,10,0,0.000145514,0,0.41762,3.3582e-05,0.417799,0.8,4,357,20,608,353,357,144,99,10,10,10,1
505,10,0,0.000145514,0,0.41762,3.3582e-05,0.417799,0.7,4,371,21,640,367,371,150,110,10,10,10,1
506,10,0,0.000145514,0,0.41762,3.3582e-05,0.417799,0.4,4,256,15,448,252,256,103,79,10,10,10,1
507,10,0,0.000145514,0,0.41762,3.3582e-05,0.417799,0.1,4,301,19,576,297,301,121,83,10,10,10,1
508,10,0,0.000145514,0,0.41762,3.3582e-05,0.417799,0.3,4,334,17,512,330,334,112,79,10,10,10,1
509,10,0,0.000145514,0,0.41762,3.3582e-05,0.417799,1,4,308,17,512,304,308,125,93,10,10,10,1
510,10,0,0.000145514,0,0.41762,3.3582e-05,0.417799,0.6,4,543,27,832,539,543,172,114,10,10,10,1
511,10,0,0.000145514,0,0.41762,3.3582e-05,0.417799,0.5,4,517,22,672,513,517,151,96,10,10,10,1
512,10,1,0.00014624,0,0.00212545,1.45287e-05,0.00228622,0.5,4,387,20,608,383,387,134,96,10,10,10,1
513,10,1,0.00014624,0,0.00212545,1.45287e-05,0.00228622,0.7,4,375,19,576,371,375,127,85,10,10,10,1
514,10,1,0.00014624,0,0.00212545,1.45287e-05,0.00228622,1,4,271,17,512,267,271,121,95,10,10,10,1
515,10,1,0.00014624,0,0.00212545,1.45287e-05,0.00228622,0.3,4,349,17,512,345,349,106,78,10,10,10,1
516,10,1,0.00014624,0,0.00212545,1.45287e-05,0.00228622,0.7,4,441,20,608,437,441,160,114,10,10,10,1
517,10,1,0.00014624,0,0.00212545,1.45287e-05,0.00228622,1,4,351,18,544,347,351,154,119,10,10,10,1
518,10,1,0.00014624,0,0.00212545,1.45287e-05,0.00228622,0.6,4,322,18,544,318,322,129,96,10,10,10,1
519,10,1,0.00014624,0,0.00212545,1.45287e-05,0.00228622,0.3,4,395,18,544,391,395,142,105,10,10,10,1
520,10,1,0.00014624,0,0.00212545,1.45287e-05,0.00228622,0.3,4,379,20,608,375,379,146,103,10,10,10,1
521,10,1,0.00014624,0,0.00212545,1.45287e-05,0.00228622,0.9,4,394,22,672,390,394,158,128,10,10,10,1
522,10,1,0.00014624,0,0.00212545,1.45287e-05,0.00228622,0.3,4,324,19,576,320,324,142,106,10,10,10,1
523,10,1,0.00014624,0,0.00212545,1.45287e-05,0.00228622,0.4,4,552,28,864,548,552,181,99,10,10,10,1
524,10,1,0.00014624,0,0.00212545,1.45287e-05,0.00228622,0.8,4,343,21,640,339,343,134,99,10,10,10,1
525,10,1,0.00014624,0,0.00212545,1.45287e-05,0.00228622,0.8,4,327,15,448,323,327,116,78,10,10,10,1
526,10,1,0.00014624,0,0.00212545,1.45287e-05,0.00228622,1,4,336,19,576,332,336,149,107,10,10,10,1
527,10,1,0.00014624,0,0.00212545,1.45287e-05,0.00228622,1,4,305,18,544,301,305,140,110,10,10,10,1
528,10,1,0.00014624,0,0.00212545,1.45287e-05,0.00228622,0.4,4,338,15,448,334,338,98,70,10,10,10,1
529,10,1,0.00014624,0,0.00212545,1.45287e-05,0.00228622,0.9,4,408,21,640,404,408,152,95,10,10,10,1
530,10,1,0.00014624,0,0.00212545,1.45287e-05,0.00228622,1,4,345,20,608,341,345,142,112,10,10,10,1
531,10,1,0.00014624,0,0.00212545,1.45287e-05,0.00228622,0.5,4,383,21,640,379,383,163,120,10,10,10,1
532,10,1,0.00014624,0,0.00212545,1.45287e-05,0.00228622,1,4,296,18,544,292,296,158,131,10,10,10,1
533,10,1,0.00014624,0,0.00212545,1.45287e-05,0.00228622,0.6,4,345,17,512,341,345,147,108,10,10,10,1
534,10,1,0.00014624,0,0.00212545,1.45287e-05,0.00228622,0.8,4,342,18,544,338,342,142,105,10,10,10,1
535,10,1,0.00014624,0,0.00212545,1.45287e-05,0.00228622,0.5,4,304,15,448,300,304,123,92,10,10,10,1
536,10,1,0.00014624,0,0.00212545,1.45287e-05,0.00228622,0.4,4,304,18,544,300,304,115,86,10,10,10,1
537,10,1,0.00014624,0,0.00212545,1.45287e-05,0.00228622,0.7,4,345,17,512,341,345,117,78,10,10,10,1
538,10,1,0.00014624,0,0.00212545,1.45287e-05,0.00228622,0.8,4,536,25,768,532,536,164,109,10,10,10,1
539,10,1,0.00014624,0,0.00212545,1.45287e-05,0.00228622,0.9,4,630,26,800,626,630,175,117,10,10,10,1
540,10,1,0.00014624,0,0.00212545,1.45287e-05,0.00228622,0.8,4,315,17,512,311,315,112,73,10,10,10,1
541,10,1,0.00014624,0,0.00212545,1.45287e-05,0.00228622,0.5,4,289,15,448,285,289,100,71,10,10,10,1
542,10,1,0.00014624,0,0.00212545,1.45287e-05,0.00228622,0.2,4,423,19,576,419,423,132,102,10,10,10,1
543,10,1,0.00014624,0,0.00212545,1.45287e-05,0.00228622,0.9,4,420,19,576,416,420,159,117,10,10,10,1
544,10,1,0.00014624,0,0.00212545,1.45287e-05,0.00228622,0.9,4,411,23,704,407,411,158,107,10,10,10,1
545,10,1,0.00014624,0,0.00212545,1.45287e-05,0.00228622,0.8,4,433,26,800,429,433,175,104,10,10,10,1
546,10,1,0.00014624,0,0.00212545,1.45287e-05,0.00228622,0.8,4,402,19,576,398,402,120,86,10,10,10,1
547,10,1,0.00014624,0,0.00212545,1.45287e-05,0.00228622,0.7,4,355,18,544,351,355,127,90,10,10,10,1
548,10,1,0.00014624,0,0.00212545,1.45287e-05,0.00228622,0.7,4,411,19,576,407,411,127,85,10,10,10,1
549,10,1,0.00014624,0,0.00212545,1.45287e-05,0.00228622,0.4,4,421,21,640,417,421,139,90,10,10,10,1
550,10,1,0.00014624,0,0.00212545,1.45287e-05,0.00228622,0.7,4,292,17,512,288,292,110,76,10,10,10,1
551,10,1,0.00014624,0,0.00212545,1.45287e-05,0.00228622,0.4,4,530,28,864,526,530,157,97,10,10,10,1
552,10,1,0.00014624,0,0.00212545,1.45287e-05,0.00228622,0.7,4,466,22,672,462,466,152,92,10,10,10,1
553,10,1,0.00014624,0,0.00212545,1.45287e-05,0.00228622,0.6,4,363,17,512,359,363,126,92,10,10,10,1
554,10,1,0.00014624,0,0.00212545,1.45287e-05,0.00228622,0.8,4,462,23,704,458,462,134,89,10,10,10,1
555,10,1,0.00014624,0,0.00212545,1.45287e-05,0.00228622,0.8,4,469,23,704,465,469,161,112,10,10,10,1
556,10,1,0.00014624,0,0.00212545,1.45287e-05,0.00228622,0.9,4,384,17,512,380,384,123,74,10,10,10,1
557,10,1,0.00014624,0,0.00212545,1.45287e-05,0.00228622,0.8,4,372,21,640,368,372,145,104,10,10,10,1
558,10,1,0.00014624,0,0.00212545,1.45287e-05,0.00228622,0.6,4,332,16,480,328,332,102,63,10,10,10,1
559,10,1,0.00014624,0,0.00212545,1.45287e-05,0.00228622,0.4,4,348,18,544,344,348,123,93,10,10,10,1
560,10,1,0.00014624,0,0.00212545,1.45287e-05,0.00228622,0.5,4,342,17,512,338,342,147,101,10,10,10,1
561,10,1,0.00014624,0,0.00212545,1.45287e-05,0.00228622,1,4,388,18,544,384,388,127,82,10,10,10,1
562,10,1,0.00014624,0,0.00212545,1.45287e-05,0.00228622,0,4,255,14,416,251,255,90,64,10,10,10,1
563,10,1,0.00014624,0,0.00212545,1.45287e-05,0.00228622,0.5,4,324,15,448,320,324,105,77,10,10,10,1
564,10,1,0.00014624,0,0.00212545,1.45287e-05,0.00228622,0.9,4,412,20,608,408,412,142,99,10,10,10,1
565,10,1,0.00014624,0,0.00212545,1.45287e-05,0.00228622,0.2,4,552,26,800,548,552,178,129,10,10,10,1
566,10,1,0.00014624,0,0.00212545,1.45287e-05,0.00228622,0.5,4,374,19,576,370,374,135,94,10,10,10,1
567,10,1,0.00014624,0,0.00212545,1.45287e-05,0.00228622,0.9,4,357,18,544,353,357,146,107,10,10,10,1
568,10,1,0.00014624,0,0.00212545,1.45287e-05,0.00228622,0.4,4,692,33,1024,688,692,173,108,10,10,10,1
569,10,1,0.00014624,0,0.00212545,1.45287e-05,0.00228622,1,4,450,26,800,446,450,198,140,10,10,10,1
570,10,1,0.00014624,0,0.00212545,1.45287e-05,0.00228622,0.8,4,410,20,608,406,410,158,105,10,10,10,1
571,10,1,0.00014624,0,0.00212545,1.45287e-05,0.00228622,0.5,4,427,20,608,423,427,152,97,10,10,10,1
572,10,1,0.00014624,0,0.00212545,1.45287e-05,0.00228622,0.3,4,305,16,480,301,305,131,84,10,10,10,1
573,10,1,0.00014624,0,0.00212545,1.45287e-05,0.00228622,0.5,4,517,23,704,513,517,166,108,10,10,10,1
574,10,1,0.00014624,0,0.00212545,1.45287e-05,0.00228622,0.7,4,231,14,416,227,231,90,62,10,10,10,1
575,10,1,0.00014624,0,0.00212545,1.45287e-05,0.00228622,0.1,4,464,23,704,460,464,118,58,10,10,10,1
576,10,1,0.00014624,0,0.00212545,1.45287e-05,0.00228622,0.8,4,341,17,512,337,341,112,75,10,10,10,1
577,10,1,0.00014624,0,0.00212545,1.45287e-05,0.00228622,0.8,4,436,22,672,432,436,177,134,10,10,10,1
578,10,1,0.00014624,0,0.00212545,1.45287e-05,0.00228622,0.3,4,310,18,544,306,310,125,94,10,10,10,1
579,10,1,0.00014624,0,0.00212545,1.45287e-05,0.00228622,0.7,4,439,22,672,435,439,163,126,10,10,10,1
580,10,1,0.00014624,0,0.00212545,1.45287e-05,0.00228622,0.4,4,384,19,576,380,384,121,73,10,10,10,1
581,10,1,0.00014624,0,0.00212545,1.45287e-05,0.00228622,0.3,4,347,17,512,343,347,135,98,10,10,10,1
582,10,1,0.00014624,0,0.00212545,1.45287e-05,0.00228622,0.8,4,438,20,608,434,438,155,121,10,10,10,1
583,10,1,0.00014624,0,0.00212545,1.45287e-05,0.00228622,0.2,4,411,24,736,407,411,144,87,10,10,10,1
584,10,1,0.00014624,0,0.00212545,1.45287e-05,0.00228622,0.4,4,457,22,672,453,457,149,109,10,10,10,1
585,10,1,0.00014624,0,0.00212545,1.45287e-05,0.00228622,0.9,4,446,22,672,442,446,174,133,10,10,10,1
586,10,1,0.00014624,0,0.00212545,1.45287e-05,0.00228622,0.5,4,298,15,448,294,298,105,73,10,10,10,1
587,10,1,0.00014624,0,0.00212545,1.45287e-05,0.00228622,0.8,4,307,18,544,303,307,104,58,10,10,10,1
588,10,1,0.00014624,0,0.00212545,1.45287e-05,0.00228622,0.4,4,492,21,640,488,492,141,83,10,10,10,1
589,10,1,0.00014624,0,0.00212545,1.45287e-05,0.00228622,0.6,4,322,15,448,318,322,98,74,10,10,10,1
590,10,1,0.00014624,0,0.00212545,1.45287e-05,0.00228622,0.8,4,423,18,544,419,423,129,100,10,10,10,1
591,10,1,0.00014624,0,0.00212545,1.45287e-05,0.00228622,1,4,308,16,480,304,308,102,69,10,10,10,1
592,10,1,0.00014624,0,0.00212545,1.45287e-05,0.00228622,1,4,517,27,832,513,517,174,115,10,10,10,1
593,10,1,0.00014624,0,0.00212545,1.45287e-05,0.00228622,0.5,4,405,18,544,401,405,140,105,10,10,10,1
594,10,1,0.00014624,0,0.00212545,1.45287e-05,0.00228622,0.8,4,323,19,576,319,323,125,81,10,10,10,1
595,10,1,0.00014624,0,0.00212545,1.45287e-05,0.00228622,0.7,4,295,16,480,291,295,121,87,10,10,10,1
596,10,1,0.00014624,0,0.00212545,1.45287e-05,0.00228622,0.3,4,401,20,608,397,401,135,88,10,10,10,1
597,10,1,0.00014624,0,0.00212545,1.45287e-05,0.00228622,0.9,4,294,18,544,290,294,150,108,10,10,10,1
598,10,1,0.00014624,0,0.00212545,1.45287e-05,0.00228622,0.6,4,441,25,768,437,441,163,79,10,10,10,1
599,10,1,0.00014624,0,0.00212545,1.45287e-05,0.00228622,0.9,4,494,21,640,490,494,153,104,10,10,10,1
600,10,1,0.00014624,0,0.00212545,1.45287e-05,0.00228622,0.7,4,357,18,544,353,357,144,110,10,10,10,1
601,10,1,0.00014624,0,0.00212545,1.45287e-05,0.00228622,0.6,4,570,27,832,566,570,170,94,10,10,10,1
602,10,1,0.00014624,0,0.00212545,1.45287e-05,0.00228622,0.5,4,325,15,448,321,325,102,66,10,10,10,1
603,10,1,0.00014624,0,0.00212545,1.45287e-05,0.00228622,0.7,4,420,19,576,416,420,133,92,10,10,10,1
604,10,1,0.00014624,0,0.00212545,1.45287e-05,0.00228622,0.3,4,454,21,640,450,454,134,79,10,10,10,1
605,10,1,0.00014624,0,0.00212545,1.45287e-05,0.00228622,0.6,4,521,23,704,517,521,150,97,10,10,10,1
606,10,1,0.00014624,0,0.00212545,1.45287e-05,0.00228622,0.7,4,285,16,480,281,285,100,62,10,10,10,1
607,10,1,0.00014624,0,0.00212545,1.45287e-05,0.00228622,0.3,4,504,25,768,500,504,158,118,10,10,10,1
608,10,1,0.00014624,0,0.00212545,1.45287e-05,0.00228622,0.9,4,353,18,544,349,353,123,88,10,10,10,1
609,10,1,0.00014624,0,0.00212545,1.45287e-05,0.00228622,0.6,4,307,16,480,303,307,113,73,10,10,10,1
610,10,1,0.00014624,0,0.00212545,1.45287e-05,0.00228622,0.6,4,431,21,640,427,431,155,109,10,10,10,1
611,10,1,0.00014624,0,0.00212545,1.45287e-05,0.00228622,0.3,4,364,18,544,360,364,110,68,10,10,10,1
612,10,1,0.00014624,0,0.00212545,1.45287e-05,0.00228622,0.4,4,311,16,480,307,311,102,61,10,10,10,1
613,10,1,0.00014624,0,0.00212545,1.45287e-05,0.00228622,0.1,4,256,14,416,252,256,92,72,10,10,10,1
614,10,1,0.00014624,0,0.00212545,1.45287e-05,0.00228622,1,4,388,22,672,384,388,138,95,10,10,10,1
615,10,1,0.00014624,0,0.00212545,1.45287e-05,0.00228622,0.5,4,363,18,544,359,363,136,101,10,10,10,1
616,10,1,0.00014624,0,0.00212545,1.45287e-05,0.00228622,0.4,4,347,16,480,343,347,112,83,10,10,10,1
617,10,1,0.00014624,0,0.00212545,1.45287e-05,0.00228622,0.1,4,376,17,512,372,376,129,91,10,10,10,1
618,10,1,0.00014624,0,0.00212545,1.45287e-05,0.00228622,0.5,4,360,18,544,356,360,131,93,10,10,10,1
619,10,1,0.00014624,0,0.00212545,1.45287e-05,0.00228622,0.9,4,510,26,800,506,510,162,83,10,10,10,1
620,10,1,0.00014624,0,0.00212545,1.45287e-05,0.00228622,0.3,4,373,22,672,369,373,136,82,10,10,10,1
621,10,1,0.00014624,0,0.00212545,1.45287e-05,0.00228622,0.9,4,359,17,512,355,359,134,107,10,10,10,1
622,10,1,0.00014624,0,0.00212545,1.45287e-05,0.00228622,0.5,4,368,20,608,364,368,160,121,10,10,10,1
623,10,1,0.00014624,0,0.00212545,1.45287e-05,0.00228622,1,4,289,17,512,285,289,129,110,10,10,10,1
624,10,1,0.00014624,0,0.00212545,1.45287e-05,0.00228622,1,4,418,24,736,414,418,154,113,10,10,10,1
625,10,1,0.00014624,0,0.00212545,1.45287e-05,0.00228622,1,4,294,17,512,290,294,143,104,10,10,10,1
626,10,1,0.00014624,0,0.00212545,1.45287e-05,0.00228622,1,4,367,18,544,363,367,148,111,10,10,10,1
627,10,1,0.00014624,0,0.00212545,1.45287e-05,0.00228622,1,4,326,18,544,322,326,139,109,10,10,10,1
628,10,1,0.00014624,0,0.00212545,1.45287e-05,0.00228622,1,4,223,15,448,219,223,96,71,10,10,10,1
629,10,1,0.00014624,0,0.00212545,1.45287e-05,0.00228622,1,4,265,16,480,261,265,126,102,10,10,10,1
630,10,1,0.00014624,0,0.00212545,1.45287e-05,0.00228622,1,4,452,28,864,448,452,204,148,10,10,10,1
631,10,1,0.00014624,0,0.00212545,1.45287e-05,0.00228622,0.9,4,301,19,576,297,301,165,138,10,10,10,1
632,10,1,0.00014624,0,0.00212545,1.45287e-05,0.00228622,1,4,275,18,544,271,275,152,131,10,10,10,1
633,10,1,0.00014624,0,0.00212545,1.45287e-05,0.00228622,1,4,261,18,544,257,261,138,117,10,10,10,1
634,10,1,0.00014624,0,0.00212545,1.45287e-05,0.00228622,0.9,4,250,19,576,246,250,145,119,10,10,10,1
635,10,1,0.00014624,0,0.00212545,1.45287e-05,0.00228622,0.9,4,251,18,544,247,251,147,116,10,10,10,1
636,10,1,0.00014624,0,0.00212545,1.45287e-05,0.00228622,1,4,274,16,480,270,274,136,99,10,10,10,1
637,10,1,0.00014624,0,0.00212545,1.45287e-05,0.00228622,1,4,362,19,576,358,362,129,90,10,10,10,1
638,10,1,0.00014624,0,0.00212545,1.45287e-05,0.00228622,1,4,291,16,480,287,291,124,93,10,10,10,1
639,10,1,0.00014624,0,0.00212545,1.45287e-05,0.00228622,1,4,340,19,576,336,340,154,120,10,10,10,1
640,10,1,0.00014624,0,0.00212545,1.45287e-05,0.00228622,1,4,339,19,576,335,339,149,123,10,10,10,1
641,10,1,0.00014624,0,0.00212545,1.45287e-05,0.00228622,0.7,4,501,24,736,497,501,189,140,10,10,10,1
642,10,1,0.00014624,0,0.00212545,1.45287e-05,0.00228622,1,4,436,25,768,432,436,201,165,10,10,10,1
643,10,1,0.00014624,0,0.00212545,1.45287e-05,0.00228622,0.7,4,312,16,480,308,312,116,80,10,10,10,1
644,10,1,0.00014624,0,0.00212545,1.45287e-05,0.00228622,0.5,4,312,13,384,308,312,87,61,10,10,10,1
645,10,1,0.00014624,0,0.00212545,1.45287e-05,0.00228622,0.8,4,348,16,480,344,348,137,103,10,10,10,1
646,10,1,0.00014624,0,0.00212545,1.45287e-05,0.00228622,0.7,4,354,16,480,350,354,121,85,10,10,10,1
647,10,1,0.00014624,0,0.00212545,1.45287e-05,0.00228622,0.2,4,396,20,608,392,396,126,71,10,10,10,1
648,10,1,0.00014624,0,0.00212545,1.45287e-05,0.00228622,0.8,4,395,20,608,391,395,147,104,10,10,10,1
649,10,1,0.00014624,0,0.00212545,1.45287e-05,0.00228622,0.6,4,570,27,832,566,570,194,132,10,10,10,1
650,10,1,0.00014624,0,0.00212545,1.45287e-05,0.00228622,0.7,4,399,21,640,395,399,153,115,10,10,10,1
651,10,1,0.00014624,0,0.00212545,1.45287e-05,0.00228622,1,4,324,18,544,320,324,143,110,10,10,10,1
652,10,1,0.00014624,0,0.00212545,1.45287e-05,0.00228622,1,4,480,22,672,476,480,193,163,10,10,10,1
653,10,1,0.00014624,0,0.00212545,1.45287e-05,0.00228622,0.5,4,307,16,480,303,307,125,95,10,10,10,1
654,10,1,0.00014624,0,0.00212545,1.45287e-05,0.00228622,1,4,329,18,544,325,329,135,112,10,10,10,1
655,10,1,0.00014624,0,0.00212545,1.45287e-05,0.00228622,0.9,4,342,18,544,338,342,134,88,10,10,10,1
656,10,1,0.00014624,0,0.00212545,1.45287e-05,0.00228622,0.6,4,232,15,448,228,232,93,70,10,10,10,1
657,10,1,0.00014624,0,0.00212545,1.45287e-05,0.00228622,0.5,4,399,19,576,395,399,144,103,10,10,10,1
658,10,1,0.00014624,0,0.00212545,1.45287e-05,0.00228622,1,4,340,19,576,336,340,168,140,10,10,10,1
659,10,1,0.00014624,0,0.00212545,1.45287e-05,0.00228622,1,4,379,19,576,375,379,154,123,10,10,10,1
660,10,1,0.00014624,0,0.00212545,1.45287e-05,0.00228622,1,4,341,18,544,337,341,148,108,10,10,10,1
661,10,1,0.00014624,0,0.00212545,1.45287e-05,0.00228622,0.3,4,460,22,672,456,460,133,82,10,10,10,1
662,10,1,0.00014624,0,0.00212545,1.45287e-05,0.00228622,0.9,4,388,20,608,384,388,170,137,10,10,10,1
663,10,1,0.00014624,0,0.00212545,1.45287e-05,0.00228622,0.7,4,250,15,448,246,250,111,78,10,10,10,1
664,10,1,0.00014624,0,0.00212545,1.45287e-05,0.00228622,0.2,4,530,25,768,526,530,159,101,10,10,10,1
665,10,1,0.00014624,0,0.00212545,1.45287e-05,0.00228622,0.8,4,446,25,768,442,446,172,123,10,10,10,1
666,10,1,0.00014624,0,0.00212545,1.45287e-05,0.00228622,0.4,4,639,29,896,635,639,176,100,10,10,10,1
667,10,1,0.00014624,0,0.00212545,1.45287e-05,0.00228622,0.7,4,390,21,640,386,390,167,127,10,10,10,1
668,10,1,0.00014624,0,0.00212545,1.45287e-05,0.00228622,0.9,4,227,16,480,223,227,107,81,10,10,10,1
669,10,1,0.00014624,0,0.00212545,1.45287e-05,0.00228622,1,4,358,17,512,354,358,135,95,10,10,10,1
670,10,1,0.00014624,0,0.00212545,1.45287e-05,0.00228622,0.3,4,334,17,512,330,334,111,70,10,10,10,1
671,10,1,0.00014624,0,0.00212545,1.45287e-05,0.00228622,0.9,4,352,19,576,348,352,157,122,10,10,10,1
672,10,1,0.00014624,0,0.00212545,1.45287e-05,0.00228622,1,4,342,22,672,338,342,160,131,10,10,10,1
673,10,1,0.00014624,0,0.00212545,1.45287e-05,0.00228622,0.1,4,349,18,544,345,349,129,89,10,10,10,1
674,10,1,0.00014624,0,0.00212545,1.45287e-05,0.00228622,0.9,4,297,19,576,293,297,148,117,10,10,10,1
675,10,1,0.00014624,0,0.00212545,1.45287e-05,0.00228622,0.2,4,306,18,544,302,306,120,90,10,10,10,1
676,10,1,0.00014624,0,0.00212545,1.45287e-05,0.00228622,0.2,4,378,19,576,374,378,124,90,10,10,10,1
677,10,1,0.00014624,0,0.00212545,1.45287e-05,0.00228622,1,4,418,20,608,414,418,162,127,10,10,10,1
678,10,1,0.00014624,0,0.00212545,1.45287e-05,0.00228622,0.9,4,350,19,576,346,350,165,138,10,10,10,1
679,10,1,0.00014624,0,0.00212545,1.45287e-05,0.00228622,0.3,4,319,14,416,315,319,90,62,10,10,10,1
680,10,1,0.00014624,0,0.00212545,1.45287e-05,0.00228622,0.7,4,334,17,512,330,334,121,88,10,10,10,1
681,10,1,0.00014624,0,0.00212545,1.45287e-05,0.00228622,1,4,325,16,480,321,325,115,75,10,10,10,1
682,10,1,0.00014624,0,0.00212545,1.45287e-05,0.00228622,0.6,4,431,23,704,427,431,165,115,10,10,10,1
683,10,1,0.00014624,0,0.00212545,1.45287e-05,0.00228622,0.9,4,284,16,480,280,284,87,55,10,10,10,1
684,10,1,0.00014624,0,0.00212545,1.45287e-05,0.00228622,1,4,377,22,672,373,377,165,129,10,10,10,1
685,10,1,0.00014624,0,0.00212545,1.45287e-05,0.00228622,0.5,4,216,15,448,212,216,103,73,10,10,10,1
686,10,1,0.00014624,0,0.00212545,1.45287e-05,0.00228622,1,4,357,22,672,353,357,185,141,10,10,10,1
687,10,1,0.00014624,0,0.00212545,1.45287e-05,0.00228622,0.8,4,276,15,448,272,276,116,89,10,10,10,1
688,10,1,0.00014624,0,0.00212545,1.45287e-05,0.00228622,1,4,437,23,704,433,437,165,120,10,10,10,1
689,10,1,0.00014624,0,0.00212545,1.45287e-05,0.00228622,1,4,320,19,576,316,320,137,103,10,10,10,1
690,10,1,0.00014624,0,0.00212545,1.45287e-05,0.00228622,0.8,4,464,22,672,460,464,146,104,10,10,10,1
691,10,1,0.00014624,0,0.00212545,1.45287e-05,0.00228622,0.9,4,335,17,512,331,335,132,84,10,10,10,1
692,10,1,0.00014624,0,0.00212545,1.45287e-05,0.00228622,1,4,273,15,448,269,273,99,72,10,10,10,1
693,10,1,0.00014624,0,0.00212545,1.45287e-05,0.00228622,0.3,4,382,23,704,378,382,153,102,10,10,10,1
694,10,1,0.00014624,0,0.00212545,1.45287e-05,0.00228622,0.9,4,351,18,544,347,351,149,116,10,10,10,1
695,10,1,0.00014624,0,0.00212545,1.45287e-05,0.00228622,0.8,4,381,19,576,377,381,165,131,10,10,10,1
696,10,1,0.00014624,0,0.00212545,1.45287e-05,0.00228622,0.8,4,329,16,480,325,329,111,73,10,10,10,1
697,10,1,0.00014624,0,0.00212545,1.45287e-05,0.00228622,1,4,493,27,832,489,493,202,144,10,10,10,1
698,10,1,0.00014624,0,0.00212545,1.45287e-05,0.00228622,0.9,4,416,24,736,412,416,167,122,10,10,10,1
699,10,1,0.00014624,0,0.00212545,1.45287e-05,0.00228622,1,4,301,18,544,297,301,149,121,10,10,10,1
700,10,1,0.00014624,0,0.00212545,1.45287e-05,0.00228622,1,4,320,16,480,316,320,127,92,10,10,10,1
701,10,1,0.00014624,0,0.00212545,1.45287e-05,0.00228622,0.6,4,406,18,544,402,406,128,94,10,10,10,1
702,10,1,0.00014624,0,0.00212545,1.45287e-05,0.00228622,0.8,4,343,16,480,339,343,118,91,10,10,10,1
703,10,1,0.00014624,0,0.00212545,1.45287e-05,0.00228622,0.6,4,330,16,480,326,330,108,73,10,10,10,1
704,10,1,0.00014624,0,0.00212545,1.45287e-05,0.00228622,1,4,316,17,512,312,316,120,86,10,10,10,1
705,10,1,0.00014624,0,0.00212545,1.45287e-05,0.00228622,1,4,369,17,512,365,369,140,104,10,10,10,1
706,10,1,0.00014624,0,0.00212545,1.45287e-05,0.00228622,0.9,4,308,15,448,304,308,101,79,10,10,10,1
707,10,1,0.00014624,0,0.00212545,1.45287e-05,0.00228622,0.6,4,334,18,544,330,334,111,71,10,10,10,1
708,10,1,0.00014624,0,0.00212545,1.45287e-05,0.00228622,0.7,4,340,16,480,336,340,124,81,10,10,10,1
709,10,1,0.00014624,0,0.00212545,1.45287e-05,0.00228622,1,4,295,16,480,291,295,114,84,10,10,10,1
710,10,1,0.00014624,0,0.00212545,1.45287e-05,0.00228622,1,4,390,18,544,386,390,135,92,10,10,10,1
711,10,1,0.00014624,0,0.00212545,1.45287e-05,0.00228622,0.2,4,345,20,608,341,345,114,70,10,10,10,1
712,10,1,0.00014624,0,0.00212545,1.45287e-05,0.00228622,0.8,4,334,17,512,330,334,122,78,10,10,10,1
713,10,1,0.00014624,0,0.00212545,1.45287e-05,0.00228622,0.4,4,399,20,608,395,399,124,86,10,10,10,1
714,10,1,0.00014624,0,0.00212545,1.45287e-05,0.00228622,0.6,4,508,23,704,504,508,143,99,10,10,10,1
715,10,1,0.00014624,0,0.00212545,1.45287e-05,0.00228622,0.3,4,306,14,416,302,306,83,46,10,10,10,1
716,10,1,0.00014624,0,0.00212545,1.45287e-05,0.00228622,1,4,377,18,544,373,377,135,98,10,10,10,1
717,10,1,0.00014624,0,0.00212545,1.45287e-05,0.00228622,0.4,4,605,29,896,601,605,184,118,10,10,10,1
718,10,1,0.00014624,0,0.00212545,1.45287e-05,0.00228622,0,4,367,19,576,363,367,118,73,10,10,10,1
719,10,1,0.00014624,0,0.00212545,1.45287e-05,0.00228622,0.4,4,310,14,416,306,310,106,71,10,10,10,1
720,10,1,0.00014624,0,0.00212545,1.45287e-05,0.00228622,0.8,4,496,24,736,492,496,135,72,10,10,10,1
721,10,1,0.00014624,0,0.00212545,1.45287e-05,0.00228622,0.7,4,362,17,512,358,362,126,94,10,10,10,1
722,10,1,0.00014624,0,0.00212545,1.45287e-05,0.00228622,0.8,4,347,16,480,343,347,111,76,10,10,10,1
723,10,1,0.00014624,0,0.00212545,1.45287e-05,0.00228622,0.2,4,361,18,544,357,361,144,95,10,10,10,1
724,10,1,0.00014624,0,0.00212545,1.45287e-05,0.00228622,0.8,4,443,24,736,439,443,140,91,10,10,10,1
725,10,1,0.00014624,0,0.00212545,1.45287e-05,0.00228622,1,4,407,22,672,403,407,161,120,10,10,10,1
726,10,1,0.00014624,0,0.00212545,1.45287e-05,0.00228622,0.5,4,360,20,608,356,360,141,85,10,10,10,1
727,10,1,0.00014624,0,0.00212545,1.45287e-05,0.00228622,0.7,4,465,24,736,461,465,157,109,10,10,10,1
728,10,1,0.00014624,0,0.00212545,1.45287e-05,0.00228622,0.6,4,441,23,704,437,441,147,90,10,10,10,1
729,10,1,0.00014624,0,0.00212545,1.45287e-05,0.00228622,0.8,4,333,16,480,329,333,109,88,10,10,10,1
730,10,1,0.00014624,0,0.00212545,1.45287e-05,0.00228622,0.8,4,573,27,832,569,573,147,96,10,10,10,1
731,10,1,0.00014624,0,0.00212545,1.45287e-05,0.00228622,0.9,4,467,22,672,463,467,154,111,10,10,10,1
732,10,1,0.00014624,0,0.00212545,1.45287e-05,0.00228622,1,4,284,16,480,280,284,117,85,10,10,10,1
733,10,1,0.00014624,0,0.00212545,1.45287e-05,0.00228622,1,4,376,19,576,372,376,164,135,10,10,10,1
734,10,1,0.00014624,0,0.00212545,1.45287e-05,0.00228622,0.6,4,314,16,480,310,314,119,87,10,10,10,1
735,10,1,0.00014624,0,0.00212545,1.45287e-05,0.00228622,0.5,4,568,25,768,564,568,156,98,10,10,10,1
736,10,1,0.00014624,0,0.00212545,1.45287e-05,0.00228622,0.6,4,425,20,608,421,425,131,83,10,10,10,1
737,10,1,0.00014624,0,0.00212545,1.45287e-05,0.00228622,0.5,4,375,20,608,371,375,143,88,10,10,10,1
738,10,1,0.00014624,0,0.00212545,1.45287e-05,0.00228622,0.3,4,401,18,544,397,401,140,103,10,10,10,1
739,10,1,0.00014624,0,0.00212545,1.45287e-05,0.00228622,0.7,4,417,20,608,413,417,154,97,10,10,10,1
740,10,1,0.00014624,0,0.00212545,1.45287e-05,0.00228622,0.6,4,355,19,576,351,355,124,96,10,10,10,1
741,10,1,0.00014624,0,0.00212545,1.45287e-05,0.00228622,0.6,4,311,17,512,307,311,124,94,10,10,10,1
742,10,1,0.00014624,0,0.00212545,1.45287e-05,0.00228622,1,4,495,25,768,491,495,177,123,10,10,10,1
743,10,1,0.00014624,0,0.00212545,1.45287e-05,0.00228622,1,4,348,17,512,344,348,133,93,10,10,10,1
744,10,1,0.00014624,0,0.00212545,1.45287e-05,0.00228622,0.5,4,273,14,416,269,273,95,61,10,10,10,1
745,10,1,0.00014624,0,0.00212545,1.45287e-05,0.00228622,1,4,349,18,544,345,349,163,127,10,10,10,1
746,10,1,0.00014624,0,0.00212545,1.45287e-05,0.00228622,0.7,4,394,19,576,390,394,157,117,10,10,10,1
747,10,1,0.00014624,0,0.00212545,1.45287e-05,0.00228622,0,4,433,20,608,429,433,140,86,10,10,10,1
748,10,1,0.00014624,0,0.00212545,1.45287e-05,0.00228622,0.3,4,388,17,512,384,388,131,93,10,10,10,1
749,10,1,0.00014624,0,0.00212545,1.45287e-05,0.00228622,0.8,4,382,18,544,378,382,152,115,10,10,10,1
750,10,1,0.00014624,0,0.00212545,1.45287e-05,0.00228622,0.6,4,530,27,832,526,530,175,94,10,10,10,1
751,10,1,0.00014624,0,0.00212545,1.45287e-05,0.00228622,0.6,4,434,25,768,430,434,148,98,10,10,10,1
752,10,1,0.00014624,0,0.00212545,1.45287e-05,0.00228622,0.8,4,341,18,544,337,341,132,87,10,10,10,1
753,10,1,0.00014624,0,0.00212545,1.45287e-05,0.00228622,0.4,4,331,16,480,327,331,117,82,10,10,10,1
754,10,1,0.00014624,0,0.00212545,1.45287e-05,0.00228622,0.7,4,446,21,640,442,446,157,101,10,10,10,1
755,10,1,0.00014624,0,0.00212545,1.45287e-05,0.00228622,0.7,4,294,18,544,290,294,114,91,10,10,10,1
756,10,1,0.00014624,0,0.00212545,1.45287e-05,0.00228622,0.6,4,384,20,608,380,384,103,66,10,10,10,1
757,10,1,0.00014624,0,0.00212545,1.45287e-05,0.00228622,1,4,445,23,704,441,445,179,118,10,10,10,1
758,10,1,0.00014624,0,0.00212545,1.45287e-05,0.00228622,1,4,423,22,672,419,423,179,135,10,10,10,1
759,10,1,0.00014624,0,0.00212545,1.45287e-05,0.00228622,0.8,4,488,24,736,484,488,176,127,10,10,10,1
760,10,1,0.00014624,0,0.00212545,1.45287e-05,0.00228622,0.3,4,262,18,544,258,262,98,57,10,10,10,1
761,10,1,0.00014624,0,0.00212545,1.45287e-05,0.00228622,1,4,223,15,448,219,223,111,78,10,10,10,1
762,10,1,0.00014624,0,0.00212545,1.45287e-05,0.00228622,0.7,4,321,18,544,317,321,145,109,10,10,10,1
763,10,1,0.00014624,0,0.00212545,1.45287e-05,0.00228622,0.7,4,369,18,544,365,369,124,77,10,10,10,1
764,10,1,0.00014624,0,0.00212545,1.45287e-05,0.00228622,0.9,4,430,22,672,426,430,190,137,10,10,10,1
765,10,1,0.00014624,0,0.00212545,1.45287e-05,0.00228622,0.8,4,328,18,544,324,328,153,128,10,10,10,1
766,10,1,0.00014624,0,0.00212545,1.45287e-05,0.00228622,1,4,629,30,928,625,629,214,138,10,10,10,1
767,10,1,0.00014624,0,0.00212545,1.45287e-05,0.00228622,1,4,348,18,544,344,348,133,103,10,10,10,1
768,10,1,0.00014624,0,0.00212545,1.45287e-05,0.00228622,1,4,471,27,832,467,471,175,105,10,10,10,1
769,10,1,0.00014624,0,0.00212545,1.45287e-05,0.00228622,0.9,4,381,21,640,377,381,161,110,10,10,10,1
770,10,1,0.00014624,0,0.00212545,1.45287e-05,0.00228622,0.8,4,396,19,576,392,396,131,98,10,10,10,1
771,10,1,0.00014624,0,0.00212545,1.45287e-05,0.00228622,0.3,4,422,18,544,418,422,113,78,10,10,10,1
772,10,1,0.00014624,0,0.00212545,1.45287e-05,0.00228622,0.7,4,311,16,480,307,311,109,76,10,10,10,1
773,10,1,0.00014624,0,0.00212545,1.45287e-05,0.00228622,0.3,4,424,21,640,420,424,127,75,10,10,10,1
774,10,1,0.00014624,0,0.00212545,1.45287e-05,0.00228622,0.8,4,386,20,608,382,386,186,150,10,10,10,1
775,10,1,0.00014624,0,0.00212545,1.45287e-05,0.00228622,0.2,4,426,20,608,422,426,124,71,10,10,10,1
776,10,1,0.00014624,0,0.00212545,1.45287e-05,0.00228622,1,4,296,15,448,292,296,109,84,10,10,10,1
777,10,1,0.00014624,0,0.00212545,1.45287e-05,0.00228622,0.8,4,314,18,544,310,314,142,104,10,10,10,1
778,10,1,0.00014624,0,0.00212545,1.45287e-05,0.00228622,0.8,4,380,20,608,376,380,125,92,10,10,10,1
779,10,1,0.00014624,0,0.00212545,1.45287e-05,0.00228622,0.9,4,505,31,960,501,505,175,109,10,10,10,1
780,10,1,0.00014624,0,0.00212545,1.45287e-05,0.00228622,0.4,4,351,18,544,347,351,127,80,10,10,10,1
781,10,1,0.00014624,0,0.00212545,1.45287e-05,0.00228622,1,4,408,22,672,404,408,140,98,10,10,10,1
782,10,1,0.00014624,0,0.00212545,1.45287e-05,0.00228622,0.9,4,554,26,800,550,554,136,83,10,10,10,1
783,10,1,0.00014624,0,0.00212545,1.45287e-05,0.00228622,0.1,4,417,21,640,413,417,125,91,10,10,10,1
784,10,1,0.00014624,0,0.00212545,1.45287e-05,0.00228622,1,4,428,21,640,424,428,154,102,10,10,10,1
785,10,1,0.00014624,0,0.00212545,1.45287e-05,0.00228622,1,4,345,20,608,341,345,167,130,10,10,10,1
786,10,1,0.00014624,0,0.00212545,1.45287e-05,0.00228622,0.7,4,320,15,448,316,320,98,77,10,10,10,1
787,10,1,0.00014624,0,0.00212545,1.45287e-05,0.00228622,0.3,4,503,20,608,499,503,146,87,10,10,10,1
788,10,1,0.00014624,0,0.00212545,1.45287e-05,0.00228622,0.9,4,250,15,448,246,250,99,69,10,10,10,1
789,10,1,0.00014624,0,0.00212545,1.45287e-05,0.00228622,0,4,334,17,512,330,334,102,54,10,10,10,1
790,10,1,0.00014624,0,0.00212545,1.45287e-05,0.00228622,1,4,344,17,512,340,344,128,100,10,10,10,1
791,10,1,0.00014624,0,0.00212545,1.45287e-05,0.00228622,0,4,335,18,544,331,335,123,76,10,10,10,1
792,10,1,0.00014624,0,0.00212545,1.45287e-05,0.00228622,0.2,4,340,17,512,336,340,103,66,10,10,10,1
793,10,1,0.00014624,0,0.00212545,1.45287e-05,0.00228622,0.5,4,454,27,832,450,454,157,90,10,10,10,1
794,10,1,0.00014624,0,0.00212545,1.45287e-05,0.00228622,0.9,4,287,16,480,283,287,125,93,10,10,10,1
795,10,1,0.00014624,0,0.00212545,1.45287e-05,0.00228622,0.1,4,431,19,576,427,431,137,105,10,10,10,1
796,10,1,0.00014624,0,0.00212545,1.45287e-05,0.00228622,0.9,4,463,24,736,459,463,208,163,10,10,10,1
797,10,1,0.00014624,0,0.00212545,1.45287e-05,0.00228622,1,4,306,19,576,302,306,140,105,10,10,10,1
798,10,1,0.00014624,0,0.00212545,1.45287e-05,0.00228622,1,4,339,21,640,335,339,161,125,10,10,10,1
799,10,1,0.00014624,0,0.00212545,1.45287e-05,0.00228622,0.1,4,344,19,576,340,344,132,97,10,10,10,1
800,10,1,0.00014624,0,0.00212545,1.45287e-05,0.00228622,1,4,351,19,576,347,351,147,104,10,10,10,1
801,10,1,0.00014624,0,0.00212545,1.45287e-05,0.00228622,0.4,4,426,22,672,422,426,159,113,10,10,10,1
802,10,1,0.00014624,0,0.00212545,1.45287e-05,0.00228622,1,4,367,19,576,363,367,144,100,10,10,10,1
803,10,1,0.00014624,0,0.00212545,1.45287e-05,0.00228622,0.9,4,586,31,960,582,586,221,144,10,10,10,1
804,10,1,0.00014624,0,0.00212545,1.45287e-05,0.00228622,0.9,4,218,14,416,214,218,79,56,10,10,10,1
805,10,1,0.00014624,0,0.00212545,1.45287e-05,0.00228622,1,4,342,18,544,338,342,126,86,10,10,10,1
806,10,1,0.00014624,0,0.00212545,1.45287e-05,0.00228622,1,4,334,21,640,330,334,172,128,10,10,10,1
807,10,1,0.00014624,0,0.00212545,1.45287e-05,0.00228622,1,4,263,16,480,259,263,119,84,10,10,10,1
808,10,1,0.00014624,0,0.00212545,1.45287e-05,0.00228622,0.8,4,292,16,480,288,292,105,67,10,10,10,1
809,10,1,0.00014624,0,0.00212545,1.45287e-05,0.00228622,0.7,4,283,17,512,279,283,123,87,10,10,10,1
810,10,1,0.00014624,0,0.00212545,1.45287e-05,0.00228622,0.8,4,476,23,704,472,476,143,107,10,10,10,1
811,10,1,0.00014624,0,0.00212545,1.45287e-05,0.00228622,0.9,4,304,17,512,300,304,124,85,10,10,10,1
812,10,1,0.00014624,0,0.00212545,1.45287e-05,0.00228622,0.9,4,411,21,640,407,411,165,129,10,10,10,1
813,10,1,0.00014624,0,0.00212545,1.45287e-05,0.00228622,0.2,4,313,17,512,309,313,119,88,10,10,10,1
814,10,1,0.00014624,0,0.00212545,1.45287e-05,0.00228622,1,4,321,18,544,317,321,157,120,10,10,10,1
815,10,1,0.00014624,0,0.00212545,1.45287e-05,0.00228622,1,4,299,17,512,295,299,113,77,10,10,10,1
816,10,1,0.00014624,0,0.00212545,1.45287e-05,0.00228622,0.8,4,357,18,544,353,357,128,96,10,10,10,1
817,10,1,0.00014624,0,0.00212545,1.45287e-05,0.00228622,0.3,4,353,18,544,349,353,113,87,10,10,10,1
818,10,1,0.00014624,0,0.00212545,1.45287e-05,0.00228622,1,4,349,19,576,345,349,145,114,10,10,10,1
819,10,1,0.00014624,0,0.00212545,1.45287e-05,0.00228622,0.8,4,402,22,672,398,402,125,73,10,10,10,1
820,10,1,0.00014624,0,0.00212545,1.45287e-05,0.00228622,0.9,4,357,18,544,353,357,132,103,10,10,10,1
821,10,1,0.00014624,0,0.00212545,1.45287e-05,0.00228622,0.8,4,289,14,416,285,289,101,67,10,10,10,1
822,10,1,0.00014624,0,0.00212545,1.45287e-05,0.00228622,0.7,4,368,18,544,364,368,128,95,10,10,10,1
823,10,1,0.00014624,0,0.00212545,1.45287e-05,0.00228622,0.7,4,425,18,544,421,425,120,86,10,10,10,1
824,10,1,0.00014624,0,0.00212545,1.45287e-05,0.00228622,0.7,4,491,22,672,487,491,147,92,10,10,10,1
825,10,1,0.00014624,0,0.00212545,1.45287e-05,0.00228622,0.8,4,321,15,448,317,321,105,75,10,10,10,1
826,10,1,0.00014624,0,0.00212545,1.45287e-05,0.00228622,0.5,4,307,15,448,303,307,111,69,10,10,10,1
827,10,1,0.00014624,0,0.00212545,1.45287e-05,0.00228622,0.8,4,407,18,544,403,407,115,76,10,10,10,1
828,10,1,0.00014624,0,0.00212545,1.45287e-05,0.00228622,0.4,4,353,16,480,349,353,117,73,10,10,10,1
829,10,1,0.00014624,0,0.00212545,1.45287e-05,0.00228622,0.9,4,445,21,640,441,445,148,94,10,10,10,1
830,10,1,0.00014624,0,0.00212545,1.45287e-05,0.00228622,0.8,4,368,16,480,364,368,134,98,10,10,10,1
831,10,1,0.00014624,0,0.00212545,1.45287e-05,0.00228622,0.9,4,431,19,576,427,431,151,108,10,10,10,1
832,10,1,0.00014624,0,0.00212545,1.45287e-05,0.00228622,0.7,4,313,16,480,309,313,114,82,10,10,10,1
833,10,1,0.00014624,0,0.00212545,1.45287e-05,0.00228622,0.5,4,298,13,384,294,298,78,50,10,10,10,1
834,10,1,0.00014624,0,0.00212545,1.45287e-05,0.00228622,0.1,4,365,17,512,361,365,102,64,10,10,10,1
835,10,1,0.00014624,0,0.00212545,1.45287e-05,0.00228622,0.7,4,348,17,512,344,348,136,96,10,10,10,1
836,10,1,0.00014624,0,0.00212545,1.45287e-05,0.00228622,0.3,4,327,15,448,323,327,118,82,10,10,10,1
837,10,1,0.00014624,0,0.00212545,1.45287e-05,0.00228622,0.5,4,337,16,480,333,337,120,84,10,10,10,1
838,10,1,0.00014624,0,0.00212545,1.45287e-05,0.00228622,0.5,4,427,20,608,423,427,138,85,10,10,10,1
839,10,1,0.00014624,0,0.00212545,1.45287e-05,0.00228622,0.7,4,347,21,640,343,347,113,73,10,10,10,1
840,10,1,0.00014624,0,0.00212545,1.45287e-05,0.00228622,0.7,4,499,24,736,495,499,140,83,10,10,10,1
841,10,1,0.00014624,0,0.00212545,1.45287e-05,0.00228622,0.4,4,351,15,448,347,351,117,90,10,10,10,1
842,10,1,0.00014624,0,0.00212545,1.45287e-05,0.00228622,0.5,4,292,14,416,288,292,92,56,10,10,10,1
843,10,1,0.00014624,0,0.00212545,1.45287e-05,0.00228622,1,4,325,16,480,321,325,101,72,10,10,10,1
844,10,1,0.00014624,0,0.00212545,1.45287e-05,0.00228622,0.5,4,449,22,672,445,449,137,89,10,10,10,1
845,10,1,0.00014624,0,0.00212545,1.45287e-05,0.00228622,0.4,4,607,27,832,603,607,160,98,10,10,10,1
846,10,1,0.00014624,0,0.00212545,1.45287e-05,0.00228622,1,4,367,17,512,363,367,114,82,10,10,10,1
847,10,1,0.00014624,0,0.00212545,1.45287e-05,0.00228622,0.6,4,351,15,448,347,351,106,83,10,10,10,1
848,10,1,0.00014624,0,0.00212545,1.45287e-05,0.00228622,0.6,4,332,15,448,328,332,122,87,10,10,10,1
849,10,1,0.00014624,0,0.00212545,1.45287e-05,0.00228622,0.4,4,373,18,544,369,373,119,84,10,10,10,1
850,10,1,0.00014624,0,0.00212545,1.45287e-05,0.00228622,0.8,4,405,19,576,401,405,143,97,10,10,10,1
851,10,1,0.00014624,0,0.00212545,1.45287e-05,0.00228622,0.8,4,313,17,512,309,313,142,92,10,10,10,1
852,10,1,0.00014624,0,0.00212545,1.45287e-05,0.00228622,0.7,4,293,14,416,289,293,109,72,10,10,10,1
853,10,1,0.00014624,0,0.00212545,1.45287e-05,0.00228622,1,4,260,14,416,256,260,100,67,10,10,10,1
854,10,1,0.00014624,0,0.00212545,1.45287e-05,0.00228622,0.4,4,361,18,544,357,361,100,62,10,10,10,1
855,10,1,0.00014624,0,0.00212545,1.45287e-05,0.00228622,0.7,4,307,15,448,303,307,116,84,10,10,10,1
856,10,1,0.00014624,0,0.00212545,1.45287e-05,0.00228622,1,4,315,16,480,311,315,128,103,10,10,10,1
857,10,1,0.00014624,0,0.00212545,1.45287e-05,0.00228622,0.3,4,378,19,576,374,378,137,106,10,10,10,1
858,10,1,0.00014624,0,0.00212545,1.45287e-05,0.00228622,0.1,4,373,19,576,369,373,121,79,10,10,10,1
859,10,1,0.00014624,0,0.00212545,1.45287e-05,0.00228622,0.4,4,470,23,704,466,470,139,79,10,10,10,1
860,10,1,0.00014624,0,0.00212545,1.45287e-05,0.00228622,0.6,4,391,19,576,387,391,113,68,10,10,10,1
861,10,1,0.00014624,0,0.00212545,1.45287e-05,0.00228622,0,4,367,18,544,363,367,137,95,10,10,10,1
862,10,1,0.00014624,0,0.00212545,1.45287e-05,0.00228622,0.8,4,368,21,640,364,368,118,73,10,10,10,1
863,10,1,0.00014624,0,0.00212545,1.45287e-05,0.00228622,0.8,4,407,20,608,403,407,163,136,10,10,10,1
864,10,1,0.00014624,0,0.00212545,1.45287e-05,0.00228622,0.7,4,462,23,704,458,462,133,83,10,10,10,1
865,10,1,0.00014624,0,0.00212545,1.45287e-05,0.00228622,0.8,4,459,24,736,455,459,161,110,10,10,10,1
866,10,1,0.00014624,0,0.00212545,1.45287e-05,0.00228622,1,4,393,18,544,389,393,118,83,10,10,10,1
867,10,1,0.00014624,0,0.00212545,1.45287e-05,0.00228622,0.7,4,604,27,832,600,604,145,80,10,10,10,1
868,10,1,0.00014624,0,0.00212545,1.45287e-05,0.00228622,0.2,4,304,17,512,300,304,119,86,10,10,10,1
869,10,1,0.00014624,0,0.00212545,1.45287e-05,0.00228622,0.6,4,334,16,480,330,334,109,66,10,10,10,1
870,10,1,0.00014624,0,0.00212545,1.45287e-05,0.00228622,0.2,4,510,27,832,506,510,158,104,10,10,10,1
871,10,1,0.00014624,0,0.00212545,1.45287e-05,0.00228622,0.5,4,387,18,544,383,387,122,92,10,10,10,1
872,10,1,0.00014624,0,0.00212545,1.45287e-05,0.00228622,1,4,395,19,576,391,395,125,86,10,10,10,1
873,10,1,0.00014624,0,0.00212545,1.45287e-05,0.00228622,0.3,4,425,21,640,421,425,132,85,10,10,10,1
874,10,1,0.00014624,0,0.00212545,1.45287e-05,0.00228622,0.9,4,415,23,704,411,415,171,128,10,10,10,1
875,10,1,0.00014624,0,0.00212545,1.45287e-05,0.00228622,0.3,4,445,23,704,441,445,154,99,10,10,10,1
876,10,1,0.00014624,0,0.00212545,1.45287e-05,0.00228622,0.4,4,376,17,512,372,376,109,65,10,10,10,1
877,10,1,0.00014624,0,0.00212545,1.45287e-05,0.00228622,0.3,4,276,14,416,272,276,88,55,10,10,10,1
878,10,1,0.00014624,0,0.00212545,1.45287e-05,0.00228622,0.8,4,311,17,512,307,311,134,103,10,10,10,1
879,10,1,0.00014624,0,0.00212545,1.45287e-05,0.00228622,0.5,4,301,14,416,297,301,112,76,10,10,10,1
880,10,1,0.00014624,0,0.00212545,1.45287e-05,0.00228622,0.7,4,253,13,384,249,253,96,59,10,10,10,1
881,10,1,0.00014624,0,0.00212545,1.45287e-05,0.00228622,0.9,4,409,23,704,405,409,156,86,10,10,10,1
882,10,1,0.00014624,0,0.00212545,1.45287e-05,0.00228622,0.7,4,311,18,544,307,311,128,86,10,10,10,1
883,10,1,0.00014624,0,0.00212545,1.45287e-05,0.00228622,0.3,4,315,17,512,311,315,124,87,10,10,10,1
884,10,1,0.00014624,0,0.00212545,1.45287e-05,0.00228622,0.7,4,473,21,640,469,473,124,72,10,10,10,1
885,10,1,0.00014624,0,0.00212545,1.45287e-05,0.00228622,0.1,4,345,16,480,341,345,122,92,10,10,10,1
886,10,1,0.00014624,0,0.00212545,1.45287e-05,0.00228622,0.3,4,346,16,480,342,346,119,76,10,10,10,1
887,10,1,0.00014624,0,0.00212545,1.45287e-05,0.00228622,0.1,4,420,20,608,416,420,122,80,10,10,10,1
888,10,1,0.00014624,0,0.00212545,1.45287e-05,0.00228622,0.3,4,421,20,608,417,421,128,93,10,10,10,1
889,10,1,0.00014624,0,0.00212545,1.45287e-05,0.00228622,0.7,4,420,21,640,416,420,131,94,10,10,10,1
890,10,1,0.00014624,0,0.00212545,1.45287e-05,0.00228622,0.2,4,444,22,672,440,444,140,92,10,10,10,1
891,10,1,0.00014624,0,0.00212545,1.45287e-05,0.00228622,0.9,4,336,16,480,332,336,135,98,10,10,10,1
892,10,1,0.00014624,0,0.00212545,1.45287e-05,0.00228622,0.7,4,394,18,544,390,394,135,98,10,10,10,1
893,10,1,0.00014624,0,0.00212545,1.45287e-05,0.00228622,0.7,4,377,17,512,373,377,129,93,10,10,10,1
894,10,1,0.00014624,0,0.00212545,1.45287e-05,0.00228622,0.7,4,319,14,416,315,319,107,68,10,10,10,1
895,10,1,0.00014624,0,0.00212545,1.45287e-05,0.00228622,0.5,4,358,17,512,354,358,112,82,10,10,10,1
896,10,1,0.00014624,0,0.00212545,1.45287e-05,0.00228622,0,4,287,17,512,283,287,103,72,10,10,10,1
897,10,1,0.00014624,0,0.00212545,1.45287e-05,0.00228622,0.3,4,429,22,672,425,429,143,104,10,10,10,1
898,10,1,0.00014624,0,0.00212545,1.45287e-05,0.00228622,0.5,4,376,18,544,372,376,138,104,10,10,10,1
899,10,1,0.00014624,0,0.00212545,1.45287e-05,0.00228622,0.4,4,412,21,640,408,412,121,66,10,10,10,1
900,10,1,0.00014624,0,0.00212545,1.45287e-05,0.00228622,0,4,310,14,416,306,310,68,35,10,10,10,1
901,10,1,0.00014624,0,0.00212545,1.45287e-05,0.00228622,0.2,4,386,19,576,382,386,142,90,10,10,10,1
902,10,1,0.00014624,0,0.00212545,1.45287e-05,0.00228622,1,4,298,15,448,294,298,125,82,10,10,10,1
903,10,1,0.00014624,0,0.00212545,1.45287e-05,0.00228622,1,4,335,18,544,331,335,141,102,10,10,10,1
904,10,1,0.00014624,0,0.00212545,1.45287e-05,0.00228622,0.6,4,368,21,640,364,368,135,87,10,10,10,1
905,10,1,0.00014624,0,0.00212545,1.45287e-05,0.00228622,1,4,393,20,608,389,393,161,124,10,10,10,1
906,10,1,0.00014624,0,0.00212545,1.45287e-05,0.00228622,0.2,4,475,23,704,471,475,144,88,10,10,10,1
907,10,1,0.00014624,0,0.00212545,1.45287e-05,0.00228622,0.4,4,435,23,704,431,435,146,104,10,10,10,1
908,10,1,0.00014624,0,0.00212545,1.45287e-05,0.00228622,0,4,322,16,480,318,322,119,77,10,10,10,1
909,10,1,0.00014624,0,0.00212545,1.45287e-05,0.00228622,0.8,4,444,22,672,440,444,151,91,10,10,10,1
910,10,1,0.00014624,0,0.00212545,1.45287e-05,0.00228622,1,4,302,16,480,298,302,117,82,10,10,10,1
911,10,1,0.00014624,0,0.00212545,1.45287e-05,0.00228622,0.3,4,349,16,480,345,349,126,83,10,10,10,1
912,10,1,0.00014624,0,0.00212545,1.45287e-05,0.00228622,0.2,4,371,17,512,367,371,104,69,10,10,10,1
913,10,1,0.00014624,0,0.00212545,1.45287e-05,0.00228622,0.6,4,312,16,480,308,312,109,80,10,10,10,1
914,10,1,0.00014624,0,0.00212545,1.45287e-05,0.00228622,0.2,4,679,32,992,675,679,194,93,10,10,10,1
915,10,1,0.00014624,0,0.00212545,1.45287e-05,0.00228622,0.5,4,509,24,736,505,509,167,104,10,10,10,1
916,10,1,0.00014624,0,0.00212545,1.45287e-05,0.00228622,0.7,4,518,26,800,514,518,145,99,10,10,10,1
917,10,1,0.00014624,0,0.00212545,1.45287e-05,0.00228622,0.9,4,391,21,640,387,391,151,111,10,10,10,1
918,10,1,0.00014624,0,0.00212545,1.45287e-05,0.00228622,0.8,4,310,15,448,306,310,103,78,10,10,10,1
919,10,1,0.00014624,0,0.00212545,1.45287e-05,0.00228622,0.8,4,406,19,576,402,406,126,74,10,10,10,1
920,10,1,0.00014624,0,0.00212545,1.45287e-05,0.00228622,0.6,4,744,37,1152,740,744,203,113,10,10,10,1
921,10,1,0.00014624,0,0.00212545,1.45287e-05,0.00228622,0.1,4,357,17,512,353,357,115,79,10,10,10,1
922,10,1,0.00014624,0,0.00212545,1.45287e-05,0.00228622,0.6,4,510,27,832,506,510,177,109,10,10,10,1
923,10,1,0.00014624,0,0.00212545,1.45287e-05,0.00228622,0,4,335,17,512,331,335,107,66,10,10,10,1
924,10,1,0.00014624,0,0.00212545,1.45287e-05,0.00228622,0.6,4,351,16,480,347,351,113,76,10,10,10,1
925,10,1,0.00014624,0,0.00212545,1.45287e-05,0.00228622,1,4,424,25,768,420,424,145,87,10,10,10,1
926,10,1,0.00014624,0,0.00212545,1.45287e-05,0.00228622,1,4,404,19,576,400,404,169,130,10,10,10,1
927,10,1,0.00014624,0,0.00212545,1.45287e-05,0.00228622,0.8,4,273,15,448,269,273,102,69,10,10,10,1
928,10,1,0.00014624,0,0.00212545,1.45287e-05,0.00228622,0.9,4,338,17,512,334,338,117,86,10,10,10,1
929,10,1,0.00014624,0,0.00212545,1.45287e-05,0.00228622,0.6,4,439,22,672,435,439,158,104,10,10,10,1
930,10,1,0.00014624,0,0.00212545,1.45287e-05,0.00228622,0.3,4,464,22,672,460,464,143,79,10,10,10,1
931,10,1,0.00014624,0,0.00212545,1.45287e-05,0.00228622,1,4,386,20,608,382,386,152,109,10,10,10,1
932,10,1,0.00014624,0,0.00212545,1.45287e-05,0.00228622,0.7,4,274,15,448,270,274,99,63,10,10,10,1
933,10,1,0.00014624,0,0.00212545,1.45287e-05,0.00228622,0.8,4,303,17,512,299,303,122,86,10,10,10,1
934,10,1,0.00014624,0,0.00212545,1.45287e-05,0.00228622,0.7,4,356,16,480,352,356,115,74,10,10,10,1
935,10,1,0.00014624,0,0.00212545,1.45287e-05,0.00228622,0.7,4,439,22,672,435,439,150,118,10,10,10,1
936,10,1,0.00014624,0,0.00212545,1.45287e-05,0.00228622,0.2,4,300,21,640,296,300,106,61,10,10,10,1
937,10,1,0.00014624,0,0.00212545,1.45287e-05,0.00228622,0.1,4,330,16,480,326,330,101,67,10,10,10,1
938,10,1,0.00014624,0,0.00212545,1.45287e-05,0.00228622,0.4,4,330,20,608,326,330,127,72,10,10,10,1
939,10,1,0.00014624,0,0.00212545,1.45287e-05,0.00228622,0.7,4,377,19,576,373,377,134,106,10,10,10,1
940,10,1,0.00014624,0,0.00212545,1.45287e-05,0.00228622,0.2,4,333,15,448,329,333,105,78,10,10,10,1
941,10,1,0.00014624,0,0.00212545,1.45287e-05,0.00228622,0.8,4,398,19,576,394,398,135,78,10,10,10,1
942,10,1,0.00014624,0,0.00212545,1.45287e-05,0.00228622,0.9,4,367,18,544,363,367,150,113,10,10,10,1
943,10,1,0.00014624,0,0.00212545,1.45287e-05,0.00228622,0.9,4,273,15,448,269,273,92,58,10,10,10,1
944,10,1,0.00014624,0,0.00212545,1.45287e-05,0.00228622,0.6,4,280,17,512,276,280,126,90,10,10,10,1
945,10,1,0.00014624,0,0.00212545,1.45287e-05,0.00228622,1,4,268,16,480,264,268,117,77,10,10,10,1
946,10,1,0.00014624,0,0.00212545,1.45287e-05,0.00228622,0.8,4,565,26,800,561,565,177,113,10,10,10,1
947,10,1,0.00014624,0,0.00212545,1.45287e-05,0.00228622,0.9,4,505,26,800,501,505,168,104,10,10,10,1
948,10,1,0.00014624,0,0.00212545,1.45287e-05,0.00228622,0,4,389,17,512,385,389,132,96,10,10,10,1
949,10,1,0.00014624,0,0.00212545,1.45287e-05,0.00228622,0.2,4,390,20,608,386,390,130,88,10,10,10,1
950,10,1,0.00014624,0,0.00212545,1.45287e-05,0.00228622,0.7,4,360,17,512,356,360,131,86,10,10,10,1
951,10,1,0.00014624,0,0.00212545,1.45287e-05,0.00228622,0.2,4,404,23,704,400,404,160,109,10,10,10,1
952,10,1,0.00014624,0,0.00212545,1.45287e-05,0.00228622,0.5,4,322,14,416,318,322,103,67,10,10,10,1
953,10,1,0.00014624,0,0.00212545,1.45287e-05,0.00228622,0.3,4,303,15,448,299,303,96,75,10,10,10,1
954,10,1,0.00014624,0,0.00212545,1.45287e-05,0.00228622,0.5,4,448,21,640,444,448,151,114,10,10,10,1
955,10,1,0.00014624,0,0.00212545,1.45287e-05,0.00228622,0.7,4,408,20,608,404,408,137,84,10,10,10,1
956,10,1,0.00014624,0,0.00212545,1.45287e-05,0.00228622,0.5,4,379,17,512,375,379,111,66,10,10,10,1
957,10,1,0.00014624,0,0.00212545,1.45287e-05,0.00228622,0.9,4,279,15,448,275,279,100,78,10,10,10,1
958,10,1,0.00014624,0,0.00212545,1.45287e-05,0.00228622,0.6,4,411,22,672,407,411,117,74,10,10,10,1
959,10,1,0.00014624,0,0.00212545,1.45287e-05,0.00228622,0.8,4,492,26,800,488,492,153,92,10,10,10,1
960,10,1,0.00014624,0,0.00212545,1.45287e-05,0.00228622,0.7,4,403,22,672,399,403,143,84,10,10,10,1
961,10,1,0.00014624,0,0.00212545,1.45287e-05,0.00228622,1,4,438,22,672,434,438,148,103,10,10,10,1
962,10,1,0.00014624,0,0.00212545,1.45287e-05,0.00228622,0.5,4,342,18,544,338,342,127,86,10,10,10,1
963,10,1,0.00014624,0,0.00212545,1.45287e-05,0.00228622,0.9,4,343,21,640,339,343,141,91,10,10,10,1
964,10,1,0.00014624,0,0.00212545,1.45287e-05,0.00228622,0.6,4,404,18,544,400,404,144,108,10,10,10,1
965,10,1,0.00014624,0,0.00212545,1.45287e-05,0.00228622,0.8,4,574,29,896,570,574,184,117,10,10,10,1
966,10,1,0.00014624,0,0.00212545,1.45287e-05,0.00228622,1,4,498,26,800,494,498,214,149,10,10,10,1
967,10,1,0.00014624,0,0.00212545,1.45287e-05,0.00228622,0.5,4,507,27,832,503,507,160,93,10,10,10,1
968,10,1,0.00014624,0,0.00212545,1.45287e-05,0.00228622,0.5,4,333,16,480,329,333,119,87,10,10,10,1
969,10,1,0.00014624,0,0.00212545,1.45287e-05,0.00228622,0.5,4,324,17,512,320,324,109,76,10,10,10,1
970,10,1,0.00014624,0,0.00212545,1.45287e-05,0.00228622,0.5,4,425,20,608,421,425,139,87,10,10,10,1
971,10,1,0.00014624,0,0.00212545,1.45287e-05,0.00228622,1,4,532,27,832,528,532,173,112,10,10,10,1
972,10,1,0.00014624,0,0.00212545,1.45287e-05,0.00228622,0.4,4,358,18,544,354,358,133,103,10,10,10,1
973,10,1,0.00014624,0,0.00212545,1.45287e-05,0.00228622,0.8,4,405,22,672,401,405,138,80,10,10,10,1
974,10,1,0.00014624,0,0.00212545,1.45287e-05,0.00228622,0.7,4,359,18,544,355,359,134,106,10,10,10,1
975,10,1,0.00014624,0,0.00212545,1.45287e-05,0.00228622,0.6,4,385,20,608,381,385,123,77,10,10,10,1
976,10,1,0.00014624,0,0.00212545,1.45287e-05,0.00228622,0.9,4,444,22,672,440,444,169,133,10,10,10,1
977,10,1,0.00014624,0,0.00212545,1.45287e-05,0.00228622,0.4,4,430,20,608,426,430,119,81,10,10,10,1
978,10,1,0.00014624,0,0.00212545,1.45287e-05,0.00228622,1,4,396,21,640,392,396,154,118,10,10,10,1
979,10,1,0.00014624,0,0.00212545,1.45287e-05,0.00228622,0.5,4,453,22,672,449,453,179,136,10,10,10,1
980,10,1,0.00014624,0,0.00212545,1.45287e-05,0.00228622,0.8,4,353,20,608,349,353,126,91,10,10,10,1
981,10,1,0.00014624,0,0.00212545,1.45287e-05,0.00228622,0.1,4,362,16,480,358,362,114,71,10,10,10,1
982,10,1,0.00014624,0,0.00212545,1.45287e-05,0.00228622,0.7,4,517,25,768,513,517,162,104,10,10,10,1
983,10,1,0.00014624,0,0.00212545,1.45287e-05,0.00228622,0.6,4,333,17,512,329,333,132,93,10,10,10,1
984,10,1,0.00014624,0,0.00212545,1.45287e-05,0.00228622,0.2,4,323,16,480,319,323,125,86,10,10,10,1
985,10,1,0.00014624,0,0.00212545,1.45287e-05,0.00228622,0.8,4,454,22,672,450,454,164,109,10,10,10,1
986,10,1,0.00014624,0,0.00212545,1.45287e-05,0.00228622,0.1,4,300,17,512,296,300,109,86,10,10,10,1
987,10,1,0.00014624,0,0.00212545,1.45287e-05,0.00228622,0.9,4,361,19,576,357,361,157,109,10,10,10,1
988,10,1,0.00014624,0,0.00212545,1.45287e-05,0.00228622,1,4,282,18,544,278,282,122,80,10,10,10,1
989,10,1,0.00014624,0,0.00212545,1.45287e-05,0.00228622,0.5,4,314,16,480,310,314,103,75,10,10,10,1
990,10,1,0.00014624,0,0.00212545,1.45287e-05,0.00228622,0.8,4,418,20,608,414,418,160,104,10,10,10,1
991,10,1,0.00014624,0,0.00212545,1.45287e-05,0.00228622,0,4,269,13,384,265,269,90,57,10,10,10,1
992,10,1,0.00014624,0,0.00212545,1.45287e-05,0.00228622,1,4,416,27,832,412,416,179,110,10,10,10,1
993,10,1,0.00014624,0,0.00212545,1.45287e-05,0.00228622,0.4,4,369,18,544,365,369,134,93,10,10,10,1
994,10,1,0.00014624,0,0.00212545,1.45287e-05,0.00228622,1,4,341,18,544,337,341,130,90,10,10,10,1
995,10,1,0.00014624,0,0.00212545,1.45287e-05,0.00228622,0.9,4,423,19,576,419,423,115,81,10,10,10,1
996,10,1,0.00014624,0,0.00212545,1.45287e-05,0.00228622,0.3,4,393,20,608,389,393,147,106,10,10,10,1
997,10,1,0.00014624,0,0.00212545,1.45287e-05,0.00228622,0.9,4,339,18,544,335,339,120,85,10,10,10,1
998,10,1,0.00014624,0,0.00212545,1.45287e-05,0.00228622,0.8,4,285,15,448,281,285,117,85,10,10,10,1
999,10,1,0.00014624,0,0.00212545,1.45287e-05,0.00228622,0.5,4,299,15,448,295,299,103,68,10,10,10,1
