query_id,pq,latency_ms,recall,seed_count,visited_nodes,expanded_nodes,neighbor_slots_scanned,candidate_nodes,distance_evals,frontier_pushes,result_updates,peak_frontier,peak_results,result_count,early_stopped
0,20,0.181891,0.4,4,510,24,736,506,510,510,102,487,20,10,1
1,20,0.226487,0.6,4,655,31,960,651,655,655,129,625,20,10,1
2,20,0.195802,0.8,4,545,26,800,541,545,545,146,520,20,10,1
3,20,0.146364,1,4,403,26,800,399,403,403,109,378,20,10,1
4,20,0.167518,0.8,4,462,26,800,458,462,462,136,437,20,10,1
5,20,0.233292,0.5,4,691,34,1056,687,691,691,153,658,20,10,1
6,20,0.158538,0.7,4,522,25,768,518,522,522,109,498,20,10,1
7,20,0.171907,1,4,525,31,960,521,525,525,209,495,20,10,1
8,20,0.183795,0.9,4,597,27,832,593,597,597,116,571,20,10,1
9,20,0.218321,0.8,4,722,36,1120,718,722,722,162,687,20,10,1
10,20,0.211355,0.8,4,656,40,1248,652,656,656,137,617,20,10,1
11,20,0.162558,0.6,4,540,26,800,536,540,540,134,515,20,10,1
12,20,0.136101,0.8,4,445,25,768,441,445,445,128,421,20,10,1
13,20,0.144518,0.7,4,501,25,768,497,501,501,137,477,20,10,1
14,20,0.183339,0.6,4,580,30,928,576,580,580,125,551,20,10,1
15,20,0.153214,0.7,4,482,30,928,478,482,482,133,453,20,10,1
16,20,0.149678,0.6,4,492,27,832,488,492,492,125,466,20,10,1
17,20,0.147762,0.2,4,517,26,800,513,517,517,92,492,20,10,1
18,20,0.169858,0.3,4,551,27,832,547,551,551,145,525,20,10,1
19,20,0.150703,0.8,4,552,26,800,548,552,552,116,527,20,10,1
20,20,0.170186,0.8,4,525,28,864,521,525,525,183,498,20,10,1
21,20,0.195297,1,4,662,31,960,658,662,662,144,632,20,10,1
22,20,0.121341,0.1,4,426,24,736,422,426,426,123,403,20,10,1
23,20,0.14875,0.8,4,500,25,768,496,500,500,153,476,20,10,1
24,20,0.172694,1,4,596,30,928,592,596,596,165,567,20,10,1
25,20,0.176298,1,4,565,29,896,561,565,565,150,537,20,10,1
26,20,0.208026,0.8,4,670,34,1056,666,670,670,175,637,20,10,1
27,20,0.193151,0.7,4,643,30,928,639,643,643,171,614,20,10,1
28,20,0.189158,0.6,4,632,31,960,628,632,632,162,602,20,10,1
29,20,0.158157,0.8,4,498,30,928,494,498,498,182,469,20,10,1
30,20,0.160866,0.4,4,537,29,896,533,537,537,173,509,20,10,1
31,20,0.162195,0.8,4,537,27,832,533,537,537,152,511,20,10,1
32,20,0.141585,0.9,4,472,24,736,468,472,472,133,449,20,10,1
33,20,0.139517,1,4,415,30,928,411,415,415,168,386,20,10,1
34,20,0.173293,1,4,559,28,864,555,559,559,140,532,20,10,1
35,20,0.176815,1,4,552,28,864,548,552,552,139,525,20,10,1
36,20,0.157569,0.5,4,532,28,864,528,532,532,135,505,20,10,1
37,20,0.150909,1,4,471,30,928,467,471,471,180,442,20,10,1
38,20,0.159504,1,4,495,27,832,491,495,495,143,469,20,10,1
39,20,0.158599,1,4,523,26,800,519,523,523,124,498,20,10,1
40,20,0.208026,1,4,661,32,992,657,661,661,153,630,20,10,1
41,20,0.166268,0.6,4,514,30,928,510,514,514,187,485,20,10,1
42,20,0.161358,1,4,528,27,832,524,528,528,151,502,20,10,1
43,20,0.141193,0.4,4,478,25,768,474,478,478,115,454,20,10,1
44,20,0.189224,0.9,4,574,31,960,570,574,574,194,544,20,10,1
45,20,0.152453,1,4,506,27,832,502,506,506,151,480,20,10,1
46,20,0.189165,1,4,570,32,992,566,570,570,228,539,20,10,1
47,20,0.189989,0.5,4,616,34,1056,612,616,616,145,583,20,10,1
48,20,0.156092,1,4,481,30,928,477,481,481,165,452,20,10,1
49,20,0.136499,1,4,459,26,800,455,459,459,160,434,20,10,1
50,20,0.155803,0.9,4,515,28,864,511,515,515,153,488,20,10,1
51,20,0.152165,0.9,4,478,27,832,474,478,478,137,452,20,10,1
52,20,0.213353,1,4,713,36,1120,709,713,713,177,678,20,10,1
53,20,0.188779,0.8,4,657,29,896,653,657,657,174,629,20,10,1
54,20,0.151661,0.5,4,465,30,928,461,465,465,204,436,20,10,1
55,20,0.150491,1,4,465,30,928,461,465,465,218,436,20,10,1
56,20,0.175713,0.8,4,590,28,864,586,590,590,174,563,20,10,1
57,20,0.148516,0.9,4,465,26,800,461,465,465,125,440,20,10,1
58,20,0.168663,1,4,547,28,864,543,547,547,147,520,20,10,1
59,20,0.130469,0.2,4,400,27,832,396,400,400,166,374,20,10,1
60,20,0.221017,0.6,4,732,34,1056,728,732,732,162,699,20,10,1
61,20,0.170816,1,4,527,30,928,523,527,527,171,498,20,10,1
62,20,0.15541,1,4,480,29,896,476,480,480,200,452,20,10,1
63,20,0.157705,0.4,4,523,29,896,519,523,523,168,495,20,10,1
64,20,0.12707,1,4,390,24,736,386,390,390,124,367,20,10,1
65,20,0.190698,0.8,4,606,33,1024,602,606,606,184,574,20,10,1
66,20,0.10879,0.7,4,358,24,736,354,358,358,116,335,20,10,1
67,20,0.188911,1,4,594,33,1024,590,594,594,176,562,20,10,1
68,20,0.135419,0.7,4,435,25,768,431,435,435,145,411,20,10,1
69,20,0.175508,0.6,4,575,31,960,571,575,575,155,545,20,10,1
70,20,0.139323,1,4,453,26,800,449,453,453,144,428,20,10,1
71,20,0.144905,0.8,4,468,27,832,464,468,468,173,442,20,10,1
72,20,0.125373,0.5,4,398,26,800,394,398,398,111,373,20,10,1
73,20,0.183566,1,4,565,31,960,561,565,565,155,535,20,10,1
74,20,0.171565,0.3,4,591,31,960,587,591,591,153,561,20,10,1
75,20,0.180129,0.4,4,593,32,992,589,593,593,172,562,20,10,1
76,20,0.169147,0.9,4,511,30,928,507,511,511,169,482,20,10,1
77,20,0.164682,0.7,4,527,27,832,523,527,527,188,501,20,10,1
78,20,0.170934,0.6,4,564,29,896,560,564,564,136,536,20,10,1
79,20,0.160844,1,4,513,29,896,509,513,513,185,485,20,10,1
80,20,0.1903,0.9,4,597,31,960,593,597,597,204,567,20,10,1
81,20,0.146114,0.6,4,450,25,768,446,450,450,125,426,20,10,1
82,20,0.213448,0.6,4,703,37,1152,699,703,703,168,667,20,10,1
83,20,0.143743,1,4,491,25,768,487,491,491,150,467,20,10,1
84,20,0.15089,0.5,4,515,24,736,511,515,515,112,492,20,10,1
85,20,0.141126,1,4,393,31,960,389,393,393,174,363,20,10,1
86,20,0.143874,0.9,4,446,29,896,442,446,446,185,418,20,10,1
87,20,0.139241,1,4,439,30,928,435,439,439,215,410,20,10,1
88,20,0.132254,1,4,416,30,928,412,416,416,174,387,20,10,1
89,20,0.181103,0.8,4,600,30,928,596,600,600,209,571,20,10,1
90,20,0.097935,0.9,4,338,24,736,334,338,338,124,316,20,10,1
91,20,0.186164,0.9,4,574,33,1024,570,574,574,188,542,20,10,1
92,20,0.142148,0.5,4,460,28,864,456,460,460,127,433,20,10,1
93,20,0.128021,0.9,4,410,24,736,406,410,410,113,387,20,10,1
94,20,0.117167,1,4,376,26,800,372,376,376,156,351,20,10,1
95,20,0.218445,0.8,4,687,37,1152,683,687,687,184,651,20,10,1
96,20,0.194566,0.6,4,616,30,928,612,616,616,169,587,20,10,1
97,20,0.129693,0.6,4,418,26,800,414,418,418,133,393,20,10,1
98,20,0.15532,0.9,4,515,28,864,511,515,515,213,488,20,10,1
99,20,0.142735,1,4,464,26,800,460,464,464,120,439,20,10,1
100,20,0.155715,0.9,4,518,27,832,514,518,518,144,492,20,10,1
101,20,0.149528,0.9,4,475,28,864,471,475,475,154,448,20,10,1
102,20,0.178142,0.7,4,590,32,992,586,590,590,157,559,20,10,1
103,20,0.145464,0.9,4,452,27,832,448,452,452,174,426,20,10,1
104,20,0.14597,1,4,496,25,768,492,496,496,140,472,20,10,1
105,20,0.192406,0.7,4,591,31,960,587,591,591,178,561,20,10,1
106,20,0.129541,0.8,4,435,24,736,431,435,435,127,412,20,10,1
107,20,0.144552,1,4,449,29,896,445,449,449,190,421,20,10,1
108,20,0.10958,0.9,4,360,29,896,356,360,360,182,332,20,10,1
109,20,0.149633,0.8,4,487,27,832,483,487,487,144,461,20,10,1
110,20,0.128024,0.6,4,426,27,832,422,426,426,159,400,20,10,1
111,20,0.213497,0.9,4,712,35,1088,708,712,712,173,678,20,10,1
112,20,0.116194,1,4,333,28,864,329,333,333,168,306,20,10,1
113,20,0.181646,0.7,4,567,31,960,563,567,567,164,537,20,10,1
114,20,0.121901,1,4,382,25,768,378,382,382,142,358,20,10,1
115,20,0.211729,0.6,4,705,34,1056,701,705,705,130,672,20,10,1
116,20,0.120528,1,4,385,26,800,381,385,385,157,360,20,10,1
117,20,0.165307,0.2,4,545,30,928,541,545,545,119,516,20,10,1
118,20,0.149226,1,4,491,26,800,487,491,491,144,466,20,10,1
119,20,0.138753,1,4,437,29,896,433,437,437,221,409,20,10,1
120,20,0.222894,0.6,4,719,39,1216,715,719,719,188,681,20,10,1
121,20,0.176597,0.6,4,559,28,864,555,559,559,161,532,20,10,1
122,20,0.201591,1,4,662,34,1056,658,662,662,173,629,20,10,1
123,20,0.152907,1,4,479,28,864,475,479,479,153,452,20,10,1
124,20,0.151192,1,4,503,25,768,499,503,503,141,479,20,10,1
125,20,0.129133,1,4,463,25,768,459,463,463,149,439,20,10,1
126,20,0.21104,0.4,4,741,33,1024,737,741,741,169,709,20,10,1
127,20,0.145235,0.9,4,452,23,704,448,452,452,102,430,20,10,1
128,20,0.144155,0.9,4,495,26,800,491,495,495,135,470,20,10,1
129,20,0.18687,1,4,580,35,1088,576,580,580,190,546,20,10,1
130,20,0.1524,0.3,4,509,26,800,505,509,509,139,484,20,10,1
131,20,0.160738,1,4,510,29,896,506,510,510,162,482,20,10,1
132,20,0.189114,0.8,4,596,29,896,592,596,596,120,568,20,10,1
133,20,0.150926,0.2,4,475,28,864,471,475,475,134,448,20,10,1
134,20,0.192196,0.8,4,618,36,1120,614,618,618,217,583,20,10,1
135,20,0.178853,0.3,4,578,30,928,574,578,578,174,549,20,10,1
136,20,0.190643,1,4,603,32,992,599,603,603,147,572,20,10,1
137,20,0.176072,0.8,4,567,30,928,563,567,567,162,538,20,10,1
138,20,0.181017,1,4,562,31,960,558,562,562,191,533,20,10,1
139,20,0.152483,0.5,4,532,28,864,528,532,532,127,505,20,10,1
140,20,0.251948,0.7,4,818,40,1248,814,818,818,157,779,20,10,1
141,20,0.118167,0.8,4,338,28,864,334,338,338,139,311,20,10,1
142,20,0.152394,0.4,4,510,29,896,506,510,510,145,482,20,10,1
143,20,0.156662,1,4,503,30,928,499,503,503,196,474,20,10,1
144,20,0.143574,0.9,4,448,26,800,444,448,448,122,423,20,10,1
145,20,0.160706,0.7,4,534,29,896,530,534,534,161,506,20,10,1
146,20,0.224312,0.9,4,730,39,1216,726,730,730,184,692,20,10,1
147,20,0.154504,0.9,4,496,26,800,492,496,496,134,471,20,10,1
148,20,0.162612,0.8,4,501,30,928,497,501,501,158,472,20,10,1
149,20,0.216561,0.9,4,692,40,1248,688,692,692,182,653,20,10,1
150,20,0.204101,0.6,4,673,34,1056,669,673,673,170,640,20,10,1
151,20,0.140218,1,4,428,29,896,424,428,428,211,401,20,10,1
152,20,0.140928,0.8,4,445,27,832,441,445,445,141,419,20,10,1
153,20,0.161375,0.9,4,523,29,896,519,523,523,153,495,20,10,1
154,20,0.199296,0.8,4,623,34,1056,619,623,623,174,590,20,10,1
155,20,0.234222,0.1,4,770,38,1184,766,770,770,181,733,20,10,1
156,20,0.15099,0.8,4,479,30,928,475,479,479,119,450,20,10,1
157,20,0.144051,0.3,4,498,26,800,494,498,498,113,473,20,10,1
158,20,0.164427,0.8,4,572,26,800,568,572,572,123,547,20,10,1
159,20,0.140705,0.7,4,465,24,736,461,465,465,107,442,20,10,1
160,20,0.154723,0.3,4,524,28,864,520,524,524,136,497,20,10,1
161,20,0.167812,0.7,4,544,27,832,540,544,544,107,518,20,10,1
162,20,0.137277,0.2,4,446,24,736,442,446,446,110,423,20,10,1
163,20,0.15064,0.8,4,527,27,832,523,527,527,129,501,20,10,1
164,20,0.146971,0.7,4,496,25,768,492,496,496,141,472,20,10,1
165,20,0.141907,0.8,4,488,26,800,484,488,488,113,463,20,10,1
166,20,0.229786,0.5,4,752,40,1248,748,752,752,168,713,20,10,1
167,20,0.168882,1,4,550,26,800,546,550,550,128,525,20,10,1
168,20,0.14421,0.9,4,481,24,736,477,481,481,124,458,20,10,1
169,20,0.151454,1,4,510,27,832,506,510,510,128,484,20,10,1
170,20,0.139383,0.7,4,472,26,800,468,472,472,156,447,20,10,1
171,20,0.194225,0.5,4,637,33,1024,633,637,637,154,605,20,10,1
172,20,0.173581,0.4,4,579,27,832,575,579,579,147,553,20,10,1
173,20,0.138394,0.8,4,434,24,736,430,434,434,112,411,20,10,1
174,20,0.152997,0.8,4,485,28,864,481,485,485,177,458,20,10,1
175,20,0.140523,1,4,466,28,864,462,466,466,128,439,20,10,1
176,20,0.1236,0.9,4,422,28,864,418,422,422,124,395,20,10,1
177,20,0.140779,0.7,4,492,25,768,488,492,492,134,468,20,10,1
178,20,0.243312,0.2,4,809,39,1216,805,809,809,171,771,20,10,1
179,20,0.181486,0.5,4,604,28,864,600,604,604,132,577,20,10,1
180,20,0.191571,0.9,4,585,31,960,581,585,585,172,555,20,10,1
181,20,0.1622,0.6,4,554,30,928,550,554,554,144,525,20,10,1
182,20,0.177534,0.9,4,572,31,960,568,572,572,163,542,20,10,1
183,20,0.21297,0.8,4,696,37,1152,692,696,696,147,660,20,10,1
184,20,0.145491,0.8,4,451,27,832,447,451,451,145,425,20,10,1
185,20,0.101217,1,4,336,25,768,332,336,336,128,313,20,10,1
186,20,0.162633,0.6,4,538,28,864,534,538,538,164,511,20,10,1
187,20,0.134021,0.8,4,452,23,704,448,452,452,95,430,20,10,1
188,20,0.144939,0.4,4,508,25,768,504,508,508,161,484,20,10,1
189,20,0.196629,1,4,619,36,1120,615,619,619,189,584,20,10,1
190,20,0.202852,1,4,634,38,1184,630,634,634,184,597,20,10,1
191,20,0.142704,0.4,4,487,25,768,483,487,487,123,463,20,10,1
192,20,0.240077,0.6,4,847,38,1184,843,847,847,125,810,20,10,1
193,20,0.168065,0.9,4,540,32,992,536,540,540,196,509,20,10,1
194,20,0.179611,0.7,4,585,28,864,581,585,585,139,558,20,10,1
195,20,0.14919,0.9,4,485,25,768,481,485,485,133,461,20,10,1
196,20,0.151578,0.2,4,496,27,832,492,496,496,155,470,20,10,1
197,20,0.179942,0.7,4,586,29,896,582,586,586,142,558,20,10,1
198,20,0.145268,1,4,463,28,864,459,463,463,173,436,20,10,1
199,20,0.154133,0.3,4,540,26,800,536,540,540,134,515,20,10,1
200,20,0.148664,1,4,540,25,768,536,540,540,121,516,20,10,1
201,20,0.212866,0.7,4,693,35,1088,689,693,693,161,659,20,10,1
202,20,0.223832,1,4,734,33,1024,730,734,734,185,702,20,10,1
203,20,0.167127,0.8,4,515,26,800,511,515,515,149,490,20,10,1
204,20,0.151213,0.9,4,489,26,800,485,489,489,141,464,20,10,1
205,20,0.170903,0.9,4,544,29,896,540,544,544,193,516,20,10,1
206,20,0.145106,1,4,483,27,832,479,483,483,176,457,20,10,1
207,20,0.153386,0.9,4,505,29,896,501,505,505,152,477,20,10,1
208,20,0.131496,0.9,4,461,27,832,457,461,461,164,435,20,10,1
209,20,0.12922,1,4,438,25,768,434,438,438,134,414,20,10,1
210,20,0.154483,0,4,538,27,832,534,538,538,149,512,20,10,1
211,20,0.164332,0.9,4,528,29,896,524,528,528,165,500,20,10,1
212,20,0.134813,0.8,4,417,26,800,413,417,417,143,392,20,10,1
213,20,0.194688,0.7,4,691,34,1056,687,691,691,168,658,20,10,1
214,20,0.209455,0,4,669,35,1088,665,669,669,200,635,20,10,1
215,20,0.151048,0.9,4,482,26,800,478,482,482,134,457,20,10,1
216,20,0.16938,0.6,4,546,31,960,542,546,546,116,516,20,10,1
217,20,0.201723,0.8,4,696,34,1056,692,696,696,172,663,20,10,1
218,20,0.149932,0.7,4,496,25,768,492,496,496,102,472,20,10,1
219,20,0.164983,1,4,540,33,1024,536,540,540,179,508,20,10,1
220,20,0.28245,1,4,930,47,1472,926,930,930,231,884,20,10,1
221,20,0.181606,0.7,4,613,29,896,609,613,613,157,585,20,10,1
222,20,0.168562,0.1,4,557,26,800,553,557,557,124,532,20,10,1
223,20,0.265879,0.3,4,905,44,1376,901,905,905,152,862,20,10,1
224,20,0.181534,0.4,4,579,29,896,575,579,579,167,551,20,10,1
225,20,0.14306,0.3,4,510,24,736,506,510,510,107,487,20,10,1
226,20,0.199155,0.4,4,616,37,1152,612,616,616,148,580,20,10,1
227,20,0.157099,0.4,4,526,30,928,522,526,526,133,497,20,10,1
228,20,0.168914,0.4,4,554,28,864,550,554,554,148,527,20,10,1
229,20,0.184799,0.6,4,584,30,928,580,584,584,166,555,20,10,1
230,20,0.115757,1,4,390,25,768,386,390,390,116,366,20,10,1
231,20,0.152365,1,4,497,28,864,493,497,497,167,470,20,10,1
232,20,0.142596,0.9,4,459,28,864,455,459,459,171,432,20,10,1
233,20,0.162303,0.5,4,535,28,864,531,535,535,143,508,20,10,1
234,20,0.217258,0.7,4,698,36,1120,694,698,698,181,663,20,10,1
235,20,0.145104,0.8,4,457,28,864,453,457,457,155,430,20,10,1
236,20,0.141121,1,4,445,25,768,441,445,445,127,421,20,10,1
237,20,0.181651,0.9,4,575,34,1056,571,575,575,207,542,20,10,1
238,20,0.193339,0.9,4,611,31,960,607,611,611,141,581,20,10,1
239,20,0.195446,0.7,4,651,35,1088,647,651,651,135,617,20,10,1
240,20,0.193684,1,4,634,32,992,630,634,634,195,603,20,10,1
241,20,0.173468,0.5,4,547,31,960,543,547,547,176,517,20,10,1
242,20,0.172485,0.6,4,564,30,928,560,564,564,122,535,20,10,1
243,20,0.176478,0.4,4,586,29,896,582,586,586,142,558,20,10,1
244,20,0.16195,0.6,4,532,31,960,528,532,532,144,502,20,10,1
245,20,0.187247,0.8,4,619,31,960,615,619,619,179,589,20,10,1
246,20,0.20547,0.6,4,676,34,1056,672,676,676,129,643,20,10,1
247,20,0.192858,1,4,628,32,992,624,628,628,194,597,20,10,1
248,20,0.173124,0.6,4,584,33,1024,580,584,584,139,552,20,10,1
249,20,0.202737,0.5,4,690,33,1024,686,690,690,169,658,20,10,1
250,20,0.140444,0,4,457,26,800,453,457,457,111,432,20,10,1
251,20,0.225145,0.6,4,772,39,1216,768,772,772,164,734,20,10,1
252,20,0.13958,0.4,4,474,26,800,470,474,474,117,449,20,10,1
253,20,0.153113,1,4,465,29,896,461,465,465,169,437,20,10,1
254,20,0.244745,0.7,4,820,41,1280,816,820,820,161,780,20,10,1
255,20,0.171348,0.8,4,574,26,800,570,574,574,146,549,20,10,1
256,20,0.203549,0.5,4,683,33,1024,679,683,683,160,651,20,10,1
257,20,0.15817,0.7,4,524,29,896,520,524,524,133,496,20,10,1
258,20,0.177796,0.4,4,572,32,992,568,572,572,141,541,20,10,1
259,20,0.205793,0.4,4,726,36,1120,722,726,726,144,691,20,10,1
260,20,0.234584,0.6,4,759,38,1184,755,759,759,205,722,20,10,1
261,20,0.149039,0.6,4,481,27,832,477,481,481,135,455,20,10,1
262,20,0.163925,0.6,4,559,25,768,555,559,559,118,535,20,10,1
263,20,0.114171,1,4,346,25,768,342,346,346,115,322,20,10,1
264,20,0.177595,0.9,4,577,28,864,573,577,577,154,550,20,10,1
265,20,0.150518,1,4,471,29,896,467,471,471,178,443,20,10,1
266,20,0.14176,1,4,472,27,832,468,472,472,151,446,20,10,1
267,20,0.144451,0.9,4,487,27,832,483,487,487,166,461,20,10,1
268,20,0.152,0.4,4,514,24,736,510,514,514,111,491,20,10,1
269,20,0.159014,0.9,4,503,29,896,499,503,503,162,475,20,10,1
270,20,0.141017,0.6,4,500,26,800,496,500,500,99,475,20,10,1
271,20,0.173281,0.9,4,560,31,960,556,560,560,154,530,20,10,1
272,20,0.161079,0.8,4,542,31,960,538,542,542,131,512,20,10,1
273,20,0.15985,0.9,4,509,29,896,505,509,509,144,481,20,10,1
274,20,0.188398,0,4,647,33,1024,643,647,647,128,615,20,10,1
275,20,0.154968,0.8,4,506,29,896,502,506,506,171,478,20,10,1
276,20,0.169935,0.5,4,546,31,960,542,546,546,152,516,20,10,1
277,20,0.17872,0.3,4,551,31,960,547,551,551,136,521,20,10,1
278,20,0.138567,0.9,4,453,25,768,449,453,453,128,429,20,10,1
279,20,0.182411,0.6,4,611,31,960,607,611,611,179,581,20,10,1
280,20,0.15281,0.8,4,484,27,832,480,484,484,136,458,20,10,1
281,20,0.170456,1,4,545,30,928,541,545,545,154,516,20,10,1
282,20,0.184593,0.7,4,605,29,896,601,605,605,134,577,20,10,1
283,20,0.178722,0.8,4,601,30,928,597,601,601,191,572,20,10,1
284,20,0.196488,0.7,4,651,32,992,647,651,651,163,620,20,10,1
285,20,0.212623,0.4,4,751,36,1120,747,751,751,153,716,20,10,1
286,20,0.141908,0.7,4,478,25,768,474,478,478,134,454,20,10,1
287,20,0.17161,0.7,4,550,31,960,546,550,550,190,520,20,10,1
288,20,0.157787,0.9,4,493,31,960,489,493,493,177,463,20,10,1
289,20,0.148794,0.2,4,496,27,832,492,496,496,137,470,20,10,1
290,20,0.163668,1,4,541,30,928,537,541,541,142,512,20,10,1
291,20,0.141185,0.8,4,498,25,768,494,498,498,140,474,20,10,1
292,20,0.165667,1,4,561,29,896,557,561,561,142,533,20,10,1
293,20,0.170845,0.8,4,569,29,896,565,569,569,125,541,20,10,1
294,20,0.149298,0.8,4,528,26,800,524,528,528,123,503,20,10,1
295,20,0.216526,0.9,4,712,34,1056,708,712,712,166,679,20,10,1
296,20,0.190553,0.7,4,621,31,960,617,621,621,122,591,20,10,1
297,20,0.194077,0.7,4,611,29,896,607,611,611,159,583,20,10,1
298,20,0.215771,0.4,4,715,36,1120,711,715,715,142,680,20,10,1
299,20,0.145273,0.5,4,479,25,768,475,479,479,123,455,20,10,1
300,20,0.18343,0.2,4,638,30,928,634,638,638,132,609,20,10,1
301,20,0.155613,0.8,4,488,29,896,484,488,488,175,460,20,10,1
302,20,0.149088,1,4,499,30,928,495,499,499,122,470,20,10,1
303,20,0.162761,0.8,4,552,28,864,548,552,552,174,525,20,10,1
304,20,0.285024,0.3,4,970,45,1408,966,970,970,169,926,20,10,1
305,20,0.171365,0.4,4,557,33,1024,553,557,557,104,525,20,10,1
306,20,0.159626,0.6,4,550,28,864,546,550,550,132,523,20,10,1
307,20,0.187526,0.4,4,625,32,992,621,625,625,136,594,20,10,1
308,20,0.185311,0.7,4,581,35,1088,577,581,581,144,547,20,10,1
309,20,0.22397,0.9,4,748,39,1216,744,748,748,110,710,20,10,1
310,20,0.117625,0,4,393,24,736,389,393,393,89,370,20,10,1
311,20,0.211104,0.5,4,754,41,1280,750,754,754,150,714,20,10,1
312,20,0.166876,0.6,4,546,30,928,542,546,546,125,517,20,10,1
313,20,0.141503,0.6,4,489,25,768,485,489,489,104,465,20,10,1
314,20,0.169318,1,4,543,28,864,539,543,543,160,516,20,10,1
315,20,0.194205,1,4,647,33,1024,643,647,647,178,615,20,10,1
316,20,0.17619,0.7,4,580,29,896,576,580,580,155,552,20,10,1
317,20,0.294033,0.7,4,976,51,1600,972,976,976,167,926,20,10,1
318,20,0.144951,0.6,4,453,26,800,449,453,453,129,428,20,10,1
319,20,0.147046,0.5,4,516,27,832,512,516,516,115,490,20,10,1
320,20,0.266922,0.4,4,891,46,1440,887,891,891,162,846,20,10,1
321,20,0.158743,0.5,4,527,26,800,523,527,527,120,502,20,10,1
322,20,0.19088,0.7,4,642,32,992,638,642,642,160,611,20,10,1
323,20,0.242042,0.8,4,820,40,1248,816,820,820,152,781,20,10,1
324,20,0.199578,0.7,4,631,31,960,627,631,631,113,601,20,10,1
325,20,0.224128,0.6,4,756,34,1056,752,756,756,135,723,20,10,1
326,20,0.218687,0.4,4,709,41,1280,705,709,709,152,669,20,10,1
327,20,0.147327,1,4,484,28,864,480,484,484,153,457,20,10,1
328,20,0.152097,1,4,510,27,832,506,510,510,151,484,20,10,1
329,20,0.176511,0.4,4,575,28,864,571,575,575,165,548,20,10,1
330,20,0.148045,0.9,4,491,26,800,487,491,491,154,466,20,10,1
331,20,0.1573,0.8,4,513,26,800,509,513,513,136,488,20,10,1
332,20,0.124739,0.6,4,458,24,736,454,458,458,87,435,20,10,1
333,20,0.186011,0.6,4,627,31,960,623,627,627,136,597,20,10,1
334,20,0.190191,1,4,617,31,960,613,617,617,148,587,20,10,1
335,20,0.16005,0.7,4,539,28,864,535,539,539,151,512,20,10,1
336,20,0.191708,0.5,4,637,32,992,633,637,637,155,606,20,10,1
337,20,0.162243,0.8,4,570,30,928,566,570,570,124,541,20,10,1
338,20,0.174264,0.5,4,585,28,864,581,585,585,138,558,20,10,1
339,20,0.172874,0.8,4,560,29,896,556,560,560,175,532,20,10,1
340,20,0.166136,1,4,556,30,928,552,556,556,138,527,20,10,1
341,20,0.155051,0.9,4,530,25,768,526,530,530,129,506,20,10,1
342,20,0.14443,0.8,4,527,25,768,523,527,527,108,503,20,10,1
343,20,0.17949,1,4,569,29,896,565,569,569,126,541,20,10,1
344,20,0.211363,1,4,686,32,992,682,686,686,194,655,20,10,1
345,20,0.149961,0.3,4,505,28,864,501,505,505,129,478,20,10,1
346,20,0.172982,0.8,4,540,31,960,536,540,540,191,510,20,10,1
347,20,0.16418,1,4,526,29,896,522,526,526,156,498,20,10,1
348,20,0.147305,0.5,4,499,25,768,495,499,499,136,475,20,10,1
349,20,0.140153,0.4,4,486,24,736,482,486,486,138,463,20,10,1
350,20,0.164404,0.6,4,559,27,832,555,559,559,140,533,20,10,1
351,20,0.139208,0.8,4,484,24,736,480,484,484,97,461,20,10,1
352,20,0.137243,0.6,4,497,27,832,493,497,497,133,471,20,10,1
353,20,0.134864,0.9,4,459,25,768,455,459,459,131,435,20,10,1
354,20,0.22895,0.4,4,776,39,1216,772,776,776,169,738,20,10,1
355,20,0.144305,0.3,4,472,27,832,468,472,472,142,446,20,10,1
356,20,0.154721,1,4,513,27,832,509,513,513,178,487,20,10,1
357,20,0.136386,1,4,448,24,736,444,448,448,109,425,20,10,1
358,20,0.18791,0.9,4,596,33,1024,592,596,596,155,564,20,10,1
359,20,0.198354,0.9,4,669,30,928,665,669,669,156,640,20,10,1
360,20,0.180378,0.6,4,553,28,864,549,553,553,150,526,20,10,1
361,20,0.202472,0.4,4,672,31,960,668,672,672,146,642,20,10,1
362,20,0.144983,0.5,4,494,27,832,490,494,494,138,468,20,10,1
363,20,0.191368,1,4,623,30,928,619,623,623,199,594,20,10,1
364,20,0.139557,0.7,4,484,26,800,480,484,484,128,459,20,10,1
365,20,0.187289,1,4,576,31,960,572,576,576,184,546,20,10,1
366,20,0.178695,0.8,4,579,29,896,575,579,579,176,551,20,10,1
367,20,0.171918,0.5,4,547,28,864,543,547,547,158,520,20,10,1
368,20,0.134417,0.7,4,432,26,800,428,432,432,123,407,20,10,1
369,20,0.18425,0.9,4,617,30,928,613,617,617,153,588,20,10,1
370,20,0.141979,0.9,4,527,25,768,523,527,527,102,503,20,10,1
371,20,0.166113,1,4,565,25,768,561,565,565,105,541,20,10,1
372,20,0.136295,0.6,4,443,26,800,439,443,443,115,418,20,10,1
373,20,0.17296,0.7,4,614,27,832,610,614,614,146,588,20,10,1
374,20,0.178099,0.9,4,562,31,960,558,562,562,191,532,20,10,1
375,20,0.142411,0.2,4,498,24,736,494,498,498,115,475,20,10,1
376,20,0.15971,0.3,4,536,29,896,532,536,536,145,508,20,10,1
377,20,0.125769,0.9,4,404,25,768,400,404,404,138,380,20,10,1
378,20,0.194441,0.9,4,613,28,864,609,613,613,176,586,20,10,1
379,20,0.149454,0.7,4,495,29,896,491,495,495,130,467,20,10,1
380,20,0.216638,0.9,4,698,37,1152,694,698,698,153,662,20,10,1
381,20,0.247946,0.5,4,819,37,1152,815,819,819,157,783,20,10,1
382,20,0.243696,0.8,4,780,42,1312,776,780,780,187,739,20,10,1
383,20,0.242891,0.7,4,797,37,1152,793,797,797,167,761,20,10,1
384,20,0.14242,0.5,4,473,27,832,469,473,473,123,447,20,10,1
385,20,0.218972,0.5,4,725,38,1184,721,725,725,191,688,20,10,1
386,20,0.138527,0.6,4,502,24,736,498,502,502,98,479,20,10,1
387,20,0.172813,0.8,4,550,26,800,546,550,550,124,525,20,10,1
388,20,0.139203,0.2,4,471,25,768,467,471,471,121,447,20,10,1
389,20,0.169619,0,4,584,31,960,580,584,584,132,554,20,10,1
390,20,0.157808,1,4,530,26,800,526,530,530,139,505,20,10,1
391,20,0.193982,1,4,639,34,1056,635,639,639,148,606,20,10,1
392,20,0.226467,0.5,4,761,37,1152,757,761,761,175,725,20,10,1
393,20,0.127325,0.8,4,460,25,768,456,460,460,120,436,20,10,1
394,20,0.126536,0.8,4,402,26,800,398,402,402,119,377,20,10,1
395,20,0.147113,0.9,4,532,28,864,528,532,532,113,505,20,10,1
396,20,0.173119,0.4,4,633,30,928,629,633,633,152,604,20,10,1
397,20,0.131061,0.4,4,411,24,736,407,411,411,99,388,20,10,1
398,20,0.119737,0.6,4,402,24,736,398,402,402,133,379,20,10,1
399,20,0.125649,1,4,412,26,800,408,412,412,135,387,20,10,1
400,20,0.147492,0.4,4,509,27,832,505,509,509,120,483,20,10,1
401,20,0.152152,0.7,4,521,24,736,517,521,521,132,498,20,10,1
402,20,0.172848,0.6,4,584,30,928,580,584,584,123,555,20,10,1
403,20,0.155404,1,4,542,27,832,538,542,542,104,516,20,10,1
404,20,0.174179,0.9,4,546,28,864,542,546,546,197,519,20,10,1
405,20,0.174438,0.6,4,598,29,896,594,598,598,139,570,20,10,1
406,20,0.17548,0.7,4,574,29,896,570,574,574,169,546,20,10,1
407,20,0.144494,0.9,4,507,25,768,503,507,507,111,483,20,10,1
408,20,0.140493,0.9,4,473,25,768,469,473,473,131,449,20,10,1
409,20,0.132266,0.4,4,472,27,832,468,472,472,97,446,20,10,1
410,20,0.137286,0.9,4,482,26,800,478,482,482,104,457,20,10,1
411,20,0.232185,0.8,4,732,40,1248,728,732,732,214,693,20,10,1
412,20,0.194057,1,4,632,30,928,628,632,632,104,603,20,10,1
413,20,0.189817,0.5,4,635,31,960,631,635,635,119,605,20,10,1
414,20,0.196603,1,4,647,35,1088,643,647,647,177,613,20,10,1
415,20,0.186038,0.1,4,633,29,896,629,633,633,142,605,20,10,1
416,20,0.150317,0.9,4,483,25,768,479,483,483,150,459,20,10,1
417,20,0.135489,1,4,450,26,800,446,450,450,130,425,20,10,1
418,20,0.181173,0.3,4,596,30,928,592,596,596,152,567,20,10,1
419,20,0.16903,1,4,541,28,864,537,541,541,101,514,20,10,1
420,20,0.166106,0.9,4,528,28,864,524,528,528,154,501,20,10,1
421,20,0.162332,0.6,4,526,29,896,522,526,526,167,498,20,10,1
422,20,0.148194,1,4,487,25,768,483,487,487,139,463,20,10,1
423,20,0.188108,0.4,4,607,33,1024,603,607,607,163,575,20,10,1
424,20,0.253927,0,4,856,46,1440,852,856,856,127,811,20,10,1
425,20,0.154613,0.4,4,508,26,800,504,508,508,124,483,20,10,1
426,20,0.157848,0.7,4,519,26,800,515,519,519,150,494,20,10,1
427,20,0.130832,0.8,4,439,25,768,435,439,439,127,415,20,10,1
428,20,0.129637,0.8,4,463,25,768,459,463,463,135,439,20,10,1
429,20,0.18834,0.3,4,609,33,1024,605,609,609,136,577,20,10,1
430,20,0.160176,0.9,4,509,28,864,505,509,509,150,482,20,10,1
431,20,0.176321,0.8,4,604,33,1024,600,604,604,112,572,20,10,1
432,20,0.180124,1,4,591,31,960,587,591,591,134,561,20,10,1
433,20,0.206632,0.6,4,700,37,1152,696,700,700,109,664,20,10,1
434,20,0.200726,1,4,667,31,960,663,667,667,172,637,20,10,1
435,20,0.187094,0.9,4,638,34,1056,634,638,638,140,605,20,10,1
436,20,0.161408,1,4,513,27,832,509,513,513,138,487,20,10,1
437,20,0.160942,1,4,556,25,768,552,556,556,131,532,20,10,1
438,20,0.189913,0.9,4,637,33,1024,633,637,637,135,605,20,10,1
439,20,0.159645,0.9,4,480,26,800,476,480,480,162,455,20,10,1
440,20,0.156259,1,4,504,29,896,500,504,504,173,476,20,10,1
441,20,0.222747,0.4,4,741,39,1216,737,741,741,181,703,20,10,1
442,20,0.129122,1,4,456,27,832,452,456,456,165,430,20,10,1
443,20,0.136925,0.8,4,470,27,832,466,470,470,124,444,20,10,1
444,20,0.137477,0.6,4,473,23,704,469,473,473,91,451,20,10,1
445,20,0.17757,0.7,4,604,36,1120,600,604,604,127,569,20,10,1
446,20,0.194044,0.5,4,681,33,1024,677,681,681,151,649,20,10,1
447,20,0.164109,0.6,4,614,33,1024,610,614,614,125,582,20,10,1
448,20,0.215355,0.5,4,697,37,1152,693,697,697,164,661,20,10,1
449,20,0.220965,1,4,710,39,1216,706,710,710,221,672,20,10,1
450,20,0.20684,0.8,4,689,37,1152,685,689,689,161,653,20,10,1
451,20,0.146219,0.6,4,485,24,736,481,485,485,131,462,20,10,1
452,20,0.188216,0.5,4,647,29,896,643,647,647,150,619,20,10,1
453,20,0.165882,0.1,4,573,28,864,569,573,573,140,546,20,10,1
454,20,0.183849,1,4,617,32,992,613,617,617,141,586,20,10,1
455,20,0.159392,0.4,4,516,31,960,512,516,516,155,486,20,10,1
456,20,0.17671,0.9,4,596,31,960,592,596,596,159,566,20,10,1
457,20,0.191728,0.8,4,629,32,992,625,629,629,167,598,20,10,1
458,20,0.168013,0.8,4,530,30,928,526,530,530,159,501,20,10,1
459,20,0.250949,0.5,4,881,44,1376,877,881,881,160,838,20,10,1
460,20,0.156818,0.5,4,534,25,768,530,534,534,138,510,20,10,1
461,20,0.140625,0.6,4,482,24,736,478,482,482,116,459,20,10,1
462,20,0.1306,1,4,423,29,896,419,423,423,168,395,20,10,1
463,20,0.102046,0.9,4,390,24,736,386,390,390,98,367,20,10,1
464,20,0.11748,0.9,4,450,26,800,446,450,450,163,425,20,10,1
465,20,0.15618,0.8,4,548,29,896,544,548,548,132,520,20,10,1
466,20,0.160926,0.8,4,557,27,832,553,557,557,140,531,20,10,1
467,20,0.20408,1,4,713,34,1056,709,713,713,175,680,20,10,1
468,20,0.15671,0.7,4,555,29,896,551,555,555,163,527,20,10,1
469,20,0.14201,0.5,4,490,25,768,486,490,490,170,466,20,10,1
470,20,0.156481,1,4,529,27,832,525,529,529,157,503,20,10,1
471,20,0.128418,0.2,4,500,28,864,496,500,500,121,473,20,10,1
472,20,0.167576,0.5,4,575,29,896,571,575,575,153,547,20,10,1
473,20,0.191,0.9,4,594,36,1120,590,594,594,192,559,20,10,1
474,20,0.133989,0.7,4,471,25,768,467,471,471,125,447,20,10,1
475,20,0.177109,1,4,561,32,992,557,561,561,186,530,20,10,1
476,20,0.134992,0.7,4,479,27,832,475,479,479,154,453,20,10,1
477,20,0.183289,0.8,4,605,31,960,601,605,605,181,575,20,10,1
478,20,0.124553,1,4,382,28,864,378,382,382,180,355,20,10,1
479,20,0.199313,0.9,4,652,34,1056,648,652,652,154,619,20,10,1
480,20,0.12999,1,4,419,32,992,415,419,419,231,388,20,10,1
481,20,0.154969,0.6,4,504,27,832,500,504,504,143,478,20,10,1
482,20,0.169637,0.9,4,545,31,960,541,545,545,195,515,20,10,1
483,20,0.207251,0.8,4,662,36,1120,658,662,662,146,627,20,10,1
484,20,0.153388,1,4,498,29,896,494,498,498,190,470,20,10,1
485,20,0.134181,1,4,417,28,864,413,417,417,173,390,20,10,1
486,20,0.176644,0.7,4,561,29,896,557,561,561,159,533,20,10,1
487,20,0.140358,1,4,469,25,768,465,469,469,128,445,20,10,1
488,20,0.152316,0.9,4,495,27,832,491,495,495,135,469,20,10,1
489,20,0.101038,0,4,351,23,704,347,351,351,80,329,20,10,1
490,20,0.15644,1,4,570,30,928,566,570,570,131,541,20,10,1
491,20,0.224213,0.8,4,740,39,1216,736,740,740,185,702,20,10,1
492,20,0.146687,1,4,486,26,800,482,486,486,151,461,20,10,1
493,20,0.124806,1,4,379,26,800,375,379,379,179,354,20,10,1
494,20,0.174136,0.8,4,544,29,896,540,544,544,167,516,20,10,1
495,20,0.17705,1,4,562,29,896,558,562,562,133,534,20,10,1
496,20,0.137498,1,4,440,28,864,436,440,440,166,413,20,10,1
497,20,0.142913,0.1,4,488,25,768,484,488,488,112,464,20,10,1
498,20,0.137411,0.5,4,467,25,768,463,467,467,156,443,20,10,1
499,20,0.139004,0.7,4,476,26,800,472,476,476,123,451,20,10,1
500,20,0.116553,1,4,439,23,704,435,439,439,94,417,20,10,1
501,20,0.176171,0.5,4,606,31,960,602,606,606,167,576,20,10,1
502,20,0.155849,1,4,490,30,928,486,490,490,190,461,20,10,1
503,20,0.192478,1,4,638,32,992,634,638,638,139,607,20,10,1
504,20,0.157471,1,4,500,31,960,496,500,500,163,470,20,10,1
505,20,0.152445,0.7,4,488,30,928,484,488,488,167,459,20,10,1
506,20,0.141657,0.8,4,438,25,768,434,438,438,126,414,20,10,1
507,20,0.123544,0.1,4,378,26,800,374,378,378,127,353,20,10,1
508,20,0.142937,0.3,4,504,26,800,500,504,504,135,479,20,10,1
509,20,0.133167,1,4,435,26,800,431,435,435,134,410,20,10,1
510,20,0.216917,0.8,4,670,36,1120,666,670,670,194,635,20,10,1
511,20,0.202056,0.6,4,710,31,960,706,710,710,172,680,20,10,1
512,20,0.182979,0.6,4,610,32,992,606,610,610,156,579,20,10,1
513,20,0.170002,0.8,4,556,27,832,552,556,556,140,530,20,10,1
514,20,0.109754,1,4,348,27,832,344,348,348,152,322,20,10,1
515,20,0.184451,0.8,4,617,30,928,613,617,617,142,588,20,10,1
516,20,0.183016,0.7,4,592,30,928,588,592,592,184,563,20,10,1
517,20,0.143726,1,4,463,28,864,459,463,463,186,436,20,10,1
518,20,0.182761,0.9,4,568,36,1120,564,568,568,160,533,20,10,1
519,20,0.162228,0.6,4,544,28,864,540,544,544,168,517,20,10,1
520,20,0.201621,0.7,4,662,36,1120,658,662,662,176,627,20,10,1
521,20,0.144524,1,4,447,29,896,443,447,447,187,419,20,10,1
522,20,0.152069,0.9,4,482,32,992,478,482,482,176,451,20,10,1
523,20,0.224285,0.8,4,712,39,1216,708,712,712,194,674,20,10,1
524,20,0.145975,0.8,4,464,28,864,460,464,464,144,437,20,10,1
525,20,0.146087,0.9,4,515,25,768,511,515,515,135,491,20,10,1
526,20,0.139855,1,4,438,28,864,434,438,438,164,411,20,10,1
527,20,0.119166,1,4,400,28,864,396,400,400,164,373,20,10,1
528,20,0.188339,0.7,4,658,30,928,654,658,658,131,629,20,10,1
529,20,0.184207,0.9,4,599,32,992,595,599,599,168,568,20,10,1
530,20,0.142048,1,4,459,29,896,455,459,459,162,431,20,10,1
531,20,0.177751,0.5,4,572,30,928,568,572,572,189,543,20,10,1
532,20,0.113086,1,4,378,28,864,374,378,378,200,351,20,10,1
533,20,0.164898,0.6,4,564,30,928,560,564,564,152,535,20,10,1
534,20,0.163331,0.9,4,545,28,864,541,545,545,167,518,20,10,1
535,20,0.128254,0.6,4,460,25,768,456,460,460,145,436,20,10,1
536,20,0.169831,0.6,4,551,31,960,547,551,551,151,521,20,10,1
537,20,0.156344,1,4,537,28,864,533,537,537,138,510,20,10,1
538,20,0.179899,0.8,4,645,32,992,641,645,645,171,614,20,10,1
539,20,0.212003,0.9,4,750,33,1024,746,750,750,191,718,20,10,1
540,20,0.152469,1,4,507,26,800,503,507,507,122,482,20,10,1
541,20,0.150511,0.6,4,529,27,832,525,529,529,109,503,20,10,1
542,20,0.228476,0.8,4,802,38,1184,798,802,802,172,765,20,10,1
543,20,0.150885,0.9,4,535,27,832,531,535,535,183,509,20,10,1
544,20,0.177182,0.9,4,590,32,992,586,590,590,177,559,20,10,1
545,20,0.188833,0.9,4,627,36,1120,623,627,627,165,592,20,10,1
546,20,0.14752,0.9,4,515,26,800,511,515,515,131,490,20,10,1
547,20,0.165902,0.7,4,572,27,832,568,572,572,149,546,20,10,1
548,20,0.164645,0.9,4,568,27,832,564,568,568,144,542,20,10,1
549,20,0.207025,0.8,4,730,39,1216,726,730,730,168,692,20,10,1
550,20,0.11862,0.9,4,396,24,736,392,396,396,126,373,20,10,1
551,20,0.224966,0.5,4,748,38,1184,744,748,748,156,711,20,10,1
552,20,0.150999,0.9,4,559,29,896,555,559,559,156,531,20,10,1
553,20,0.156167,0.6,4,555,27,832,551,555,555,151,529,20,10,1
554,20,0.153361,0.8,4,535,28,864,531,535,535,135,508,20,10,1
555,20,0.182079,0.8,4,581,30,928,577,581,581,183,552,20,10,1
556,20,0.154529,0.9,4,531,27,832,527,531,531,129,505,20,10,1
557,20,0.155671,0.9,4,477,31,960,473,477,477,173,447,20,10,1
558,20,0.153399,0.9,4,496,25,768,492,496,496,131,472,20,10,1
559,20,0.172961,0.8,4,546,28,864,542,546,546,149,519,20,10,1
560,20,0.182709,0.8,4,608,30,928,604,608,608,164,579,20,10,1
561,20,0.161533,1,4,546,28,864,542,546,546,141,519,20,10,1
562,20,0.142398,0,4,519,27,832,515,519,519,122,493,20,10,1
563,20,0.157091,0.5,4,541,25,768,537,541,541,134,517,20,10,1
564,20,0.1764,1,4,572,30,928,568,572,572,197,543,20,10,1
565,20,0.257981,0.3,4,877,40,1248,873,877,877,207,838,20,10,1
566,20,0.165024,0.7,4,530,29,896,526,530,530,138,502,20,10,1
567,20,0.160126,1,4,508,29,896,504,508,508,175,480,20,10,1
568,20,0.254471,0.6,4,857,41,1280,853,857,857,179,817,20,10,1
569,20,0.172218,1,4,528,36,1120,524,528,528,211,493,20,10,1
570,20,0.16253,0.8,4,536,29,896,532,536,536,164,508,20,10,1
571,20,0.176119,0.7,4,588,30,928,584,588,588,174,559,20,10,1
572,20,0.13961,0.4,4,492,26,800,488,492,492,149,467,20,10,1
573,20,0.183982,0.8,4,668,31,960,664,668,668,179,638,20,10,1
574,20,0.124073,0.9,4,394,25,768,390,394,394,94,370,20,10,1
575,20,0.225366,0.4,4,773,40,1248,769,773,773,124,734,20,10,1
576,20,0.139315,0.8,4,505,27,832,501,505,505,127,479,20,10,1
577,20,0.183311,0.9,4,583,32,992,579,583,583,209,552,20,10,1
578,20,0.189915,0.6,4,610,34,1056,606,610,610,158,577,20,10,1
579,20,0.183209,0.8,4,580,29,896,576,580,580,200,552,20,10,1
580,20,0.165729,0.5,4,546,29,896,542,546,546,126,518,20,10,1
581,20,0.16757,0.9,4,563,30,928,559,563,563,150,534,20,10,1
582,20,0.177567,0.8,4,569,29,896,565,569,569,188,541,20,10,1
583,20,0.158811,0.7,4,536,32,992,532,536,536,142,505,20,10,1
584,20,0.176039,0.4,4,575,30,928,571,575,575,167,546,20,10,1
585,20,0.170705,0.9,4,551,29,896,547,551,551,199,523,20,10,1
586,20,0.158764,0.7,4,555,29,896,551,555,555,129,527,20,10,1
587,20,0.125075,0.8,4,416,24,736,412,416,416,91,393,20,10,1
588,20,0.171045,0.4,4,620,27,832,616,620,620,139,594,20,10,1
589,20,0.141917,0.8,4,512,26,800,508,512,512,115,487,20,10,1
590,20,0.175461,0.8,4,581,27,832,577,581,581,157,555,20,10,1
591,20,0.119886,1,4,386,26,800,382,386,386,117,361,20,10,1
592,20,0.169874,1,4,555,34,1056,551,555,555,178,522,20,10,1
593,20,0.158427,0.7,4,567,28,864,563,567,567,172,540,20,10,1
594,20,0.138997,0.8,4,457,28,864,453,457,457,144,430,20,10,1
595,20,0.132571,0.8,4,416,26,800,412,416,416,143,391,20,10,1
596,20,0.212661,0.8,4,714,36,1120,710,714,714,152,679,20,10,1
597,20,0.128044,1,4,417,27,832,413,417,417,152,391,20,10,1
598,20,0.194123,0.7,4,639,35,1088,635,639,639,157,605,20,10,1
599,20,0.175795,1,4,598,28,864,594,598,598,172,571,20,10,1
600,20,0.149885,0.8,4,518,28,864,514,518,518,170,491,20,10,1
601,20,0.193367,0.6,4,690,33,1024,686,690,690,174,658,20,10,1
602,20,0.136892,0.5,4,492,24,736,488,492,492,114,469,20,10,1
603,20,0.176824,0.8,4,572,27,832,568,572,572,157,546,20,10,1
604,20,0.204577,0.9,4,694,35,1088,690,694,694,136,660,20,10,1
605,20,0.194055,0.6,4,626,30,928,622,626,626,156,598,20,10,1
606,20,0.127075,0.7,4,428,25,768,424,428,428,113,404,20,10,1
607,20,0.212332,0.8,4,686,37,1152,682,686,686,204,650,20,10,1
608,20,0.14772,0.9,4,486,27,832,482,486,486,151,460,20,10,1
609,20,0.132507,0.7,4,443,25,768,439,443,443,134,419,20,10,1
610,20,0.184434,0.6,4,617,31,960,613,617,617,176,587,20,10,1
611,20,0.156806,0.7,4,558,28,864,554,558,558,122,531,20,10,1
612,20,0.176069,0.6,4,586,30,928,582,586,586,111,557,20,10,1
613,20,0.182347,0.2,4,600,34,1056,596,600,600,123,567,20,10,1
614,20,0.125098,1,4,448,28,864,444,448,448,135,421,20,10,1
615,20,0.177938,0.9,4,592,30,928,588,592,592,184,563,20,10,1
616,20,0.155441,0.6,4,550,26,800,546,550,550,138,525,20,10,1
617,20,0.201165,0.4,4,690,31,960,686,690,690,164,660,20,10,1
618,20,0.184,0.9,4,589,30,928,585,589,589,160,560,20,10,1
619,20,0.175468,0.9,4,573,31,960,569,573,573,139,543,20,10,1
620,20,0.169552,0.5,4,580,32,992,576,580,580,132,549,20,10,1
621,20,0.15088,1,4,510,27,832,506,510,510,159,484,20,10,1
622,20,0.145673,0.8,4,506,30,928,502,506,506,196,477,20,10,1
623,20,0.108744,1,4,351,27,832,347,351,351,156,325,20,10,1
624,20,0.137445,1,4,528,32,992,524,528,528,162,497,20,10,1
625,20,0.099712,1,4,351,27,832,347,351,351,161,325,20,10,1
626,20,0.136261,1,4,480,28,864,476,480,480,178,453,20,10,1
627,20,0.122277,1,4,406,27,832,402,406,406,168,380,20,10,1
628,20,0.069963,1,4,292,25,768,288,292,292,108,268,20,10,1
629,20,0.104373,1,4,321,26,800,317,321,321,146,296,20,10,1
630,20,0.152525,1,4,502,36,1120,498,502,502,224,467,20,10,1
631,20,0.119129,1,4,397,29,896,393,397,397,195,369,20,10,1
632,20,0.096414,1,4,341,28,864,337,341,341,177,314,20,10,1
633,20,0.078265,1,4,302,28,864,298,302,302,169,276,20,10,1
634,20,0.102129,1,4,319,28,864,315,319,319,170,292,20,10,1
635,20,0.063002,1,4,310,28,864,306,310,310,169,283,20,10,1
636,20,0.105137,1,4,344,26,800,340,344,344,148,319,20,10,1
637,20,0.132138,1,4,473,27,832,469,473,473,152,447,20,10,1
638,20,0.128537,1,4,398,25,768,394,398,398,148,374,20,10,1
639,20,0.133125,1,4,420,29,896,416,420,420,197,392,20,10,1
640,20,0.135479,1,4,444,28,864,440,444,444,179,417,20,10,1
641,20,0.198254,0.8,4,647,33,1024,643,647,647,216,615,20,10,1
642,20,0.163169,1,4,520,34,1056,516,520,520,229,487,20,10,1
643,20,0.12978,0.8,4,438,25,768,434,438,438,110,414,20,10,1
644,20,0.145939,0.5,4,497,23,704,493,497,497,109,475,20,10,1
645,20,0.153363,0.9,4,510,28,864,506,510,510,158,483,20,10,1
646,20,0.152134,0.7,4,553,27,832,549,553,553,144,527,20,10,1
647,20,0.152298,0.2,4,518,28,864,514,518,518,118,491,20,10,1
648,20,0.170719,0.9,4,554,29,896,550,554,554,169,526,20,10,1
649,20,0.204211,0.7,4,674,34,1056,670,674,674,203,641,20,10,1
650,20,0.151626,0.8,4,505,29,896,501,505,505,183,477,20,10,1
651,20,0.138193,1,4,458,28,864,454,458,458,167,431,20,10,1
652,20,0.156246,1,4,565,30,928,561,565,565,240,536,20,10,1
653,20,0.13019,0.5,4,431,26,800,427,431,431,154,406,20,10,1
654,20,0.125282,1,4,419,27,832,415,419,419,181,393,20,10,1
655,20,0.13324,1,4,473,26,800,469,473,473,133,448,20,10,1
656,20,0.113062,1,4,393,26,800,389,393,393,123,368,20,10,1
657,20,0.139715,0.5,4,528,29,896,524,528,528,176,500,20,10,1
658,20,0.121913,1,4,405,29,896,401,405,405,213,378,20,10,1
659,20,0.164768,1,4,535,29,896,531,535,535,191,507,20,10,1
660,20,0.108776,1,4,380,27,832,376,380,380,163,354,20,10,1
661,20,0.182206,0.5,4,621,32,992,617,621,621,147,590,20,10,1
662,20,0.124262,1,4,461,28,864,457,461,461,207,434,20,10,1
663,20,0.110839,1,4,391,25,768,387,391,391,121,367,20,10,1
664,20,0.191998,0.2,4,633,31,960,629,633,633,167,603,20,10,1
665,20,0.174305,0.8,4,538,34,1056,534,538,538,180,505,20,10,1
666,20,0.201236,0.4,4,693,32,992,689,693,693,164,662,20,10,1
667,20,0.18595,0.8,4,543,31,960,539,543,543,205,513,20,10,1
668,20,0.137981,0.9,4,365,26,800,361,365,365,110,340,20,10,1
669,20,0.178182,1,4,490,26,800,486,490,490,164,465,20,10,1
670,20,0.179051,0.6,4,507,28,864,503,507,507,126,480,20,10,1
671,20,0.189541,0.9,4,498,29,896,494,498,498,199,470,20,10,1
672,20,0.207659,1,4,448,33,1024,444,448,448,200,416,20,10,1
673,20,0.200563,0.1,4,491,27,832,487,491,491,140,465,20,10,1
674,20,0.124915,0.9,4,404,30,928,400,404,404,169,375,20,10,1
675,20,0.235702,0.7,4,502,31,960,498,502,502,145,472,20,10,1
676,20,0.282868,0.2,4,550,29,896,546,550,550,147,522,20,10,1
677,20,0.22625,1,4,513,28,864,509,513,513,189,486,20,10,1
678,20,0.150493,1,4,473,29,896,469,473,473,197,445,20,10,1
679,20,0.211177,0.8,4,662,32,992,658,662,662,116,631,20,10,1
680,20,0.158737,1,4,515,28,864,511,515,515,150,488,20,10,1
681,20,0.125903,1,4,424,24,736,420,424,424,114,401,20,10,1
682,20,0.17237,0.7,4,545,30,928,541,545,545,189,516,20,10,1
683,20,0.12333,1,4,390,25,768,386,390,390,94,366,20,10,1
684,20,0.1401,1,4,453,29,896,449,453,453,202,425,20,10,1
685,20,0.126901,0.6,4,405,24,736,401,405,405,113,382,20,10,1
686,20,0.131462,1,4,424,31,960,420,424,424,223,394,20,10,1
687,20,0.15534,0.9,4,502,27,832,498,502,502,151,476,20,10,1
688,20,0.169826,1,4,539,31,960,535,539,539,191,509,20,10,1
689,20,0.130106,1,4,421,27,832,417,421,421,167,395,20,10,1
690,20,0.175137,1,4,566,30,928,562,566,566,161,537,20,10,1
691,20,0.131347,1,4,436,26,800,432,436,436,141,411,20,10,1
692,20,0.128131,1,4,411,25,768,407,411,411,122,387,20,10,1
693,20,0.234064,0.7,4,759,42,1312,755,759,759,177,718,20,10,1
694,20,0.153052,1,4,496,28,864,492,496,496,189,469,20,10,1
695,20,0.136989,0.8,4,465,28,864,461,465,465,187,438,20,10,1
696,20,0.147965,1,4,483,26,800,479,483,483,129,458,20,10,1
697,20,0.187517,1,4,572,39,1216,568,572,572,257,534,20,10,1
698,20,0.160683,1,4,532,32,992,528,532,532,194,501,20,10,1
699,20,0.092277,1,4,354,28,864,350,354,354,178,327,20,10,1
700,20,0.135654,1,4,439,26,800,435,439,439,143,414,20,10,1
701,20,0.138454,0.6,4,501,25,768,497,501,501,140,477,20,10,1
702,20,0.148796,0.9,4,493,26,800,489,493,493,140,468,20,10,1
703,20,0.145946,0.7,4,495,24,736,491,495,495,117,472,20,10,1
704,20,0.110908,1,4,389,25,768,385,389,389,142,365,20,10,1
705,20,0.156291,1,4,531,28,864,527,531,531,175,504,20,10,1
706,20,0.123672,0.9,4,456,24,736,452,456,456,122,433,20,10,1
707,20,0.148286,0.9,4,513,28,864,509,513,513,123,486,20,10,1
708,20,0.138762,0.7,4,457,25,768,453,457,457,140,433,20,10,1
709,20,0.118641,1,4,396,26,800,392,396,396,146,371,20,10,1
710,20,0.169332,1,4,550,28,864,546,550,550,164,523,20,10,1
711,20,0.208639,0.8,4,660,37,1152,656,660,660,118,624,20,10,1
712,20,0.161562,0.8,4,515,27,832,511,515,515,131,489,20,10,1
713,20,0.132225,0.4,4,477,25,768,473,477,477,146,453,20,10,1
714,20,0.158073,0.6,4,588,28,864,584,588,588,145,561,20,10,1
715,20,0.221146,1,4,771,36,1120,767,771,771,113,736,20,10,1
716,20,0.147171,1,4,486,25,768,482,486,486,162,462,20,10,1
717,20,0.233605,0.4,4,768,37,1152,764,768,768,197,732,20,10,1
718,20,0.183739,0.5,4,599,33,1024,595,599,599,126,567,20,10,1
719,20,0.133917,0.4,4,453,24,736,449,453,453,121,430,20,10,1
720,20,0.174426,0.9,4,615,32,992,611,615,615,120,584,20,10,1
721,20,0.153667,1,4,561,29,896,557,561,561,150,533,20,10,1
722,20,0.13702,0.8,4,504,26,800,500,504,504,131,479,20,10,1
723,20,0.145655,0.3,4,513,27,832,509,513,513,156,487,20,10,1
724,20,0.160026,0.8,4,532,29,896,528,532,532,148,504,20,10,1
725,20,0.163306,1,4,528,31,960,524,528,528,194,498,20,10,1
726,20,0.170648,0.7,4,550,31,960,546,550,550,151,520,20,10,1
727,20,0.17384,0.9,4,563,30,928,559,563,563,189,534,20,10,1
728,20,0.175038,0.6,4,565,30,928,561,565,565,150,536,20,10,1
729,20,0.146378,0.9,4,501,26,800,497,501,501,150,476,20,10,1
730,20,0.189231,0.8,4,614,29,896,610,614,614,134,586,20,10,1
731,20,0.177737,0.9,4,579,29,896,575,579,579,175,551,20,10,1
732,20,0.12018,1,4,357,26,800,353,357,357,144,332,20,10,1
733,20,0.145702,1,4,508,29,896,504,508,508,204,480,20,10,1
734,20,0.141891,0.6,4,464,25,768,460,464,464,136,440,20,10,1
735,20,0.218306,0.5,4,721,32,992,717,721,721,158,690,20,10,1
736,20,0.18032,0.7,4,604,29,896,600,604,604,151,576,20,10,1
737,20,0.164232,0.6,4,536,29,896,532,536,536,163,508,20,10,1
738,20,0.183224,0.8,4,634,33,1024,630,634,634,167,602,20,10,1
739,20,0.199637,0.8,4,635,33,1024,631,635,635,161,603,20,10,1
740,20,0.1677,0.9,4,539,31,960,535,539,539,175,509,20,10,1
741,20,0.148926,0.7,4,484,26,800,480,484,484,145,459,20,10,1
742,20,0.183712,1,4,608,33,1024,604,608,608,201,576,20,10,1
743,20,0.153804,1,4,502,27,832,498,502,502,160,476,20,10,1
744,20,0.1439,0.7,4,489,24,736,485,489,489,119,466,20,10,1
745,20,0.153843,1,4,504,28,864,500,504,504,194,477,20,10,1
746,20,0.12824,0.7,4,457,27,832,453,457,457,184,431,20,10,1
747,20,0.183658,0,4,616,30,928,612,616,616,147,587,20,10,1
748,20,0.20783,0.6,4,704,34,1056,700,704,704,177,671,20,10,1
749,20,0.151365,1,4,523,28,864,519,523,523,179,496,20,10,1
750,20,0.222862,0.9,4,723,38,1184,719,723,723,180,686,20,10,1
751,20,0.168558,0.6,4,562,31,960,558,562,562,151,532,20,10,1
752,20,0.15874,0.9,4,533,28,864,529,533,533,153,506,20,10,1
753,20,0.162541,0.6,4,549,30,928,545,549,549,147,520,20,10,1
754,20,0.171647,0.7,4,592,31,960,588,592,592,163,562,20,10,1
755,20,0.134753,0.7,4,452,27,832,448,452,452,138,426,20,10,1
756,20,0.130628,0.6,4,447,25,768,443,447,447,99,423,20,10,1
757,20,0.190206,1,4,596,34,1056,592,596,596,182,563,20,10,1
758,20,0.175958,1,4,541,32,992,537,541,541,221,510,20,10,1
759,20,0.193339,0.9,4,623,32,992,619,623,623,196,592,20,10,1
760,20,0.142851,0.8,4,476,32,992,472,476,476,113,445,20,10,1
761,20,0.098731,1,4,307,25,768,303,307,307,112,283,20,10,1
762,20,0.12808,0.9,4,436,28,864,432,436,436,175,409,20,10,1
763,20,0.154536,0.9,4,533,27,832,529,533,533,142,507,20,10,1
764,20,0.153442,1,4,511,29,896,507,511,511,223,483,20,10,1
765,20,0.138612,0.9,4,464,28,864,460,464,464,185,437,20,10,1
766,20,0.207581,1,4,709,37,1152,705,709,709,217,673,20,10,1
767,20,0.128074,1,4,444,27,832,440,444,444,164,418,20,10,1
768,20,0.161948,1,4,550,34,1056,546,550,550,179,517,20,10,1
769,20,0.152485,0.9,4,498,29,896,494,498,498,162,470,20,10,1
770,20,0.15468,0.9,4,519,27,832,515,519,519,156,493,20,10,1
771,20,0.170612,0.4,4,588,26,800,584,588,588,152,563,20,10,1
772,20,0.141817,0.7,4,471,26,800,467,471,471,126,446,20,10,1
773,20,0.1969,0.6,4,650,33,1024,646,650,650,144,618,20,10,1
774,20,0.128381,0.8,4,431,30,928,427,431,431,223,402,20,10,1
775,20,0.216743,0.4,4,742,36,1120,738,742,742,135,707,20,10,1
776,20,0.107673,1,4,396,25,768,392,396,396,132,372,20,10,1
777,20,0.127199,1,4,433,26,800,429,433,433,142,408,20,10,1
778,20,0.160939,0.9,4,530,29,896,526,530,530,132,502,20,10,1
779,20,0.18978,0.9,4,618,38,1184,614,618,618,177,581,20,10,1
780,20,0.150668,0.4,4,504,27,832,500,504,504,131,478,20,10,1
781,20,0.147512,1,4,493,29,896,489,493,493,167,465,20,10,1
782,20,0.181539,0.9,4,607,30,928,603,607,607,123,578,20,10,1
783,20,0.14412,0.3,4,501,29,896,497,501,501,148,473,20,10,1
784,20,0.152307,1,4,504,27,832,500,504,504,149,478,20,10,1
785,20,0.143922,1,4,439,29,896,435,439,439,184,411,20,10,1
786,20,0.13698,0.7,4,468,25,768,464,468,468,126,444,20,10,1
787,20,0.209793,0.5,4,754,35,1088,750,754,754,154,720,20,10,1
788,20,0.127415,0.9,4,397,25,768,393,397,397,115,373,20,10,1
789,20,0.228957,0.7,4,755,43,1344,751,755,755,140,713,20,10,1
790,20,0.143339,1,4,468,27,832,464,468,468,158,442,20,10,1
791,20,0.171393,0.2,4,549,33,1024,545,549,549,128,517,20,10,1
792,20,0.194856,0.5,4,648,35,1088,644,648,648,129,614,20,10,1
793,20,0.189035,0.5,4,630,36,1120,626,630,630,150,595,20,10,1
794,20,0.121609,1,4,456,26,800,452,456,456,155,431,20,10,1
795,20,0.180381,0.6,4,598,30,928,594,598,598,159,569,20,10,1
796,20,0.17777,1,4,544,34,1056,540,544,544,246,511,20,10,1
797,20,0.128938,1,4,395,29,896,391,395,395,166,367,20,10,1
798,20,0.13966,1,4,436,31,960,432,436,436,196,406,20,10,1
799,20,0.172309,0.7,4,574,33,1024,570,574,574,162,542,20,10,1
800,20,0.1315,1,4,430,29,896,426,430,430,181,402,20,10,1
801,20,0.177981,0.6,4,582,31,960,578,582,582,186,552,20,10,1
802,20,0.157418,1,4,516,29,896,512,516,516,164,488,20,10,1
803,20,0.204982,0.9,4,650,38,1184,646,650,650,234,613,20,10,1
804,20,0.116685,0.9,4,373,24,736,369,373,373,91,350,20,10,1
805,20,0.126204,1,4,426,26,800,422,426,426,150,401,20,10,1
806,20,0.128133,1,4,398,31,960,394,398,398,189,368,20,10,1
807,20,0.112113,1,4,373,25,768,369,373,373,132,349,20,10,1
808,20,0.123965,1,4,421,26,800,417,421,421,125,396,20,10,1
809,20,0.117188,1,4,389,27,832,385,389,389,131,363,20,10,1
810,20,0.181386,0.8,4,574,29,896,570,574,574,163,546,20,10,1
811,20,0.127513,1,4,425,26,800,421,425,425,147,400,20,10,1
812,20,0.14994,1,4,497,30,928,493,497,497,196,468,20,10,1
813,20,0.170038,0.4,4,570,31,960,566,570,570,157,540,20,10,1
814,20,0.134832,1,4,434,28,864,430,434,434,181,407,20,10,1
815,20,0.115136,1,4,386,25,768,382,386,386,119,362,20,10,1
816,20,0.160666,0.9,4,534,28,864,530,534,534,143,507,20,10,1
817,20,0.128406,0.4,4,439,26,800,435,439,439,134,414,20,10,1
818,20,0.141559,1,4,499,29,896,495,499,499,189,471,20,10,1
819,20,0.159946,0.8,4,521,29,896,517,521,521,136,493,20,10,1
820,20,0.115128,1,4,433,26,800,429,433,433,162,408,20,10,1
821,20,0.107697,0.9,4,433,24,736,429,433,433,123,410,20,10,1
822,20,0.145902,0.7,4,517,27,832,513,517,517,139,491,20,10,1
823,20,0.155093,0.7,4,571,25,768,567,571,571,131,547,20,10,1
824,20,0.189088,0.9,4,652,31,960,648,652,652,170,622,20,10,1
825,20,0.124807,0.8,4,466,25,768,462,466,466,124,442,20,10,1
826,20,0.140055,0.6,4,517,27,832,513,517,517,130,491,20,10,1
827,20,0.195829,0.9,4,669,32,992,665,669,669,131,638,20,10,1
828,20,0.146862,0.4,4,504,24,736,500,504,504,132,481,20,10,1
829,20,0.170832,1,4,581,30,928,577,581,581,150,552,20,10,1
830,20,0.149063,0.8,4,529,26,800,525,529,529,147,504,20,10,1
831,20,0.168126,1,4,577,29,896,573,577,577,181,549,20,10,1
832,20,0.12715,0.9,4,446,25,768,442,446,446,134,422,20,10,1
833,20,0.134242,0.7,4,480,24,736,476,480,480,96,457,20,10,1
834,20,0.154121,0.1,4,564,27,832,560,564,564,116,538,20,10,1
835,20,0.13987,0.7,4,499,26,800,495,499,499,153,474,20,10,1
836,20,0.156822,0.7,4,566,27,832,562,566,566,141,540,20,10,1
837,20,0.217876,1,4,751,38,1184,747,751,751,140,714,20,10,1
838,20,0.17877,0.9,4,616,30,928,612,616,616,145,587,20,10,1
839,20,0.145165,0.8,4,508,28,864,504,508,508,119,481,20,10,1
840,20,0.167782,0.7,4,567,27,832,563,567,567,122,541,20,10,1
841,20,0.177391,0.4,4,605,27,832,601,605,605,132,579,20,10,1
842,20,0.12992,0.6,4,466,23,704,462,466,466,105,444,20,10,1
843,20,0.13804,1,4,488,25,768,484,488,488,121,464,20,10,1
844,20,0.181379,0.7,4,635,31,960,631,635,635,166,605,20,10,1
845,20,0.229601,0.5,4,787,38,1184,783,787,787,171,750,20,10,1
846,20,0.175198,1,4,574,27,832,570,574,574,134,548,20,10,1
847,20,0.146931,0.7,4,562,25,768,558,562,562,134,538,20,10,1
848,20,0.167066,0.9,4,564,26,800,560,564,564,150,539,20,10,1
849,20,0.186123,0.8,4,608,33,1024,604,608,608,142,576,20,10,1
850,20,0.155246,0.9,4,551,27,832,547,551,551,164,525,20,10,1
851,20,0.119413,0.8,4,417,26,800,413,417,417,152,392,20,10,1
852,20,0.13254,0.8,4,478,24,736,474,478,478,116,455,20,10,1
853,20,0.122874,1,4,403,24,736,399,403,403,106,380,20,10,1
854,20,0.172777,0.5,4,584,30,928,580,584,584,111,555,20,10,1
855,20,0.141485,0.9,4,467,25,768,463,467,467,145,443,20,10,1
856,20,0.139265,1,4,481,26,800,477,481,481,163,456,20,10,1
857,20,0.196803,0.9,4,652,34,1056,648,652,652,193,619,20,10,1
858,20,0.178258,0.1,4,590,28,864,586,590,590,131,563,20,10,1
859,20,0.195637,0.9,4,681,33,1024,677,681,681,155,649,20,10,1
860,20,0.149819,0.7,4,515,26,800,511,515,515,120,490,20,10,1
861,20,0.162641,0,4,586,28,864,582,586,586,146,559,20,10,1
862,20,0.14575,0.8,4,476,28,864,472,476,476,117,449,20,10,1
863,20,0.175622,1,4,563,30,928,559,563,563,198,534,20,10,1
864,20,0.192032,0.7,4,645,32,992,641,645,645,150,614,20,10,1
865,20,0.17391,0.8,4,576,32,992,572,576,576,179,545,20,10,1
866,20,0.163542,1,4,556,27,832,552,556,556,146,530,20,10,1
867,20,0.213425,0.8,4,704,35,1088,700,704,704,130,670,20,10,1
868,20,0.161459,0.5,4,544,29,896,540,544,544,133,516,20,10,1
869,20,0.149466,0.8,4,485,28,864,481,485,485,125,458,20,10,1
870,20,0.186918,0.2,4,627,34,1056,623,627,627,161,594,20,10,1
871,20,0.160613,0.7,4,520,27,832,516,520,520,136,494,20,10,1
872,20,0.154064,1,4,507,27,832,503,507,507,143,481,20,10,1
873,20,0.227801,0.7,4,743,37,1152,739,743,743,154,707,20,10,1
874,20,0.143249,0.9,4,453,31,960,449,453,453,194,423,20,10,1
875,20,0.165738,0.4,4,574,30,928,570,574,574,173,545,20,10,1
876,20,0.151938,0.4,4,527,24,736,523,527,527,123,504,20,10,1
877,20,0.158782,0.4,4,560,29,896,556,560,560,99,532,20,10,1
878,20,0.153627,1,4,509,27,832,505,509,509,155,483,20,10,1
879,20,0.131964,0.8,4,478,25,768,474,478,478,127,454,20,10,1
880,20,0.134558,0.9,4,473,23,704,469,473,473,106,451,20,10,1
881,20,0.157797,0.9,4,515,28,864,511,515,515,153,488,20,10,1
882,20,0.13643,0.9,4,428,28,864,424,428,428,144,401,20,10,1
883,20,0.134307,0.4,4,442,27,832,438,442,442,144,416,20,10,1
884,20,0.198748,0.9,4,679,31,960,675,679,679,122,649,20,10,1
885,20,0.223717,1,4,778,42,1312,774,778,778,170,737,20,10,1
886,20,0.212649,0.8,4,696,33,1024,692,696,696,152,664,20,10,1
887,20,0.181967,0.3,4,606,30,928,602,606,606,139,577,20,10,1
888,20,0.167865,0.3,4,581,28,864,577,581,581,139,554,20,10,1
889,20,0.178962,0.7,4,603,29,896,599,603,603,150,575,20,10,1
890,20,0.180465,0.4,4,573,30,928,569,573,573,159,544,20,10,1
891,20,0.163213,1,4,543,26,800,539,543,543,151,518,20,10,1
892,20,0.166622,1,4,560,28,864,556,560,560,171,533,20,10,1
893,20,0.151768,0.7,4,543,26,800,539,543,543,137,518,20,10,1
894,20,0.145798,0.7,4,510,24,736,506,510,510,117,487,20,10,1
895,20,0.128867,0.5,4,470,24,736,466,470,470,137,447,20,10,1
896,20,0.139067,0,4,477,28,864,473,477,477,120,450,20,10,1
897,20,0.179238,0.6,4,592,31,960,588,592,592,154,562,20,10,1
898,20,0.194669,0.8,4,611,30,928,607,611,611,165,582,20,10,1
899,20,0.178081,0.4,4,593,29,896,589,593,593,120,565,20,10,1
900,20,0.228436,0.4,4,818,38,1184,814,818,818,94,781,20,10,1
901,20,0.164838,0.6,4,554,28,864,550,554,554,168,527,20,10,1
902,20,0.112929,1,4,408,25,768,404,408,408,138,384,20,10,1
903,20,0.139115,1,4,472,27,832,468,472,472,148,446,20,10,1
904,20,0.163403,0.7,4,541,29,896,537,541,541,134,513,20,10,1
905,20,0.161298,1,4,532,29,896,528,532,532,170,504,20,10,1
906,20,0.170194,0.2,4,579,30,928,575,579,579,147,550,20,10,1
907,20,0.17079,0.8,4,639,35,1088,635,639,639,166,605,20,10,1
908,20,0.196932,0.1,4,691,34,1056,687,691,691,150,658,20,10,1
909,20,0.189588,0.8,4,581,32,992,577,581,581,153,550,20,10,1
910,20,0.144404,1,4,479,26,800,475,479,479,120,454,20,10,1
911,20,0.148743,0.4,4,528,25,768,524,528,528,136,504,20,10,1
912,20,0.152724,0.3,4,554,28,864,550,554,554,123,527,20,10,1
913,20,0.135418,0.9,4,448,25,768,444,448,448,122,424,20,10,1
914,20,0.234494,0.6,4,815,40,1248,811,815,815,177,776,20,10,1
915,20,0.198505,0.6,4,669,34,1056,665,669,669,171,636,20,10,1
916,20,0.190901,0.7,4,613,34,1056,609,613,613,155,580,20,10,1
917,20,0.132902,0.9,4,514,30,928,510,514,514,163,485,20,10,1
918,20,0.132261,0.9,4,484,26,800,480,484,484,133,459,20,10,1
919,20,0.176648,0.9,4,601,30,928,597,601,601,118,572,20,10,1
920,20,0.275469,0.9,4,905,45,1408,901,905,905,182,861,20,10,1
921,20,0.149122,0.2,4,508,27,832,504,508,508,137,482,20,10,1
922,20,0.211672,0.9,4,696,40,1248,692,696,696,187,657,20,10,1
923,20,0.19442,0.4,4,676,36,1120,672,676,676,134,641,20,10,1
924,20,0.164031,1,4,563,27,832,559,563,563,129,537,20,10,1
925,20,0.142846,1,4,478,29,896,474,478,478,131,450,20,10,1
926,20,0.176138,1,4,581,29,896,577,581,581,201,553,20,10,1
927,20,0.135642,0.8,4,447,25,768,443,447,447,120,423,20,10,1
928,20,0.128109,0.9,4,455,26,800,451,455,455,131,430,20,10,1
929,20,0.180588,0.8,4,594,32,992,590,594,594,169,563,20,10,1
930,20,0.223208,0.9,4,779,38,1184,775,779,779,149,742,20,10,1
931,20,0.161564,1,4,519,30,928,515,519,519,168,490,20,10,1
932,20,0.124351,0.8,4,411,25,768,407,411,411,122,387,20,10,1
933,20,0.133416,0.9,4,425,27,832,421,425,425,143,399,20,10,1
934,20,0.153291,0.7,4,520,24,736,516,520,520,151,497,20,10,1
935,20,0.180425,0.8,4,583,32,992,579,583,583,180,552,20,10,1
936,20,0.141328,0.2,4,475,34,1056,471,475,475,106,442,20,10,1
937,20,0.123892,0.1,4,451,24,736,447,451,451,107,428,20,10,1
938,20,0.129573,0.5,4,448,26,800,444,448,448,120,423,20,10,1
939,20,0.146722,0.7,4,533,29,896,529,533,533,158,505,20,10,1
940,20,0.156809,0.3,4,530,28,864,526,530,530,139,503,20,10,1
941,20,0.184723,1,4,633,30,928,629,633,633,137,604,20,10,1
942,20,0.15409,1,4,512,28,864,508,512,512,163,485,20,10,1
943,20,0.126214,0.9,4,405,24,736,401,405,405,95,382,20,10,1
944,20,0.158217,0.8,4,522,29,896,518,522,522,154,494,20,10,1
945,20,0.112529,1,4,345,26,800,341,345,345,128,320,20,10,1
946,20,0.216824,0.8,4,727,36,1120,723,727,727,183,692,20,10,1
947,20,0.189281,1,4,617,33,1024,613,617,617,169,585,20,10,1
948,20,0.265056,0.4,4,925,46,1440,921,925,925,173,880,20,10,1
949,20,0.192103,0.3,4,618,32,992,614,618,618,142,587,20,10,1
950,20,0.139194,0.8,4,475,25,768,471,475,475,155,451,20,10,1
951,20,0.152939,0.3,4,491,30,928,487,491,491,163,462,20,10,1
952,20,0.134301,0.6,4,487,24,736,483,487,487,122,465,20,10,1
953,20,0.135897,0.3,4,485,24,736,481,485,485,116,462,20,10,1
954,20,0.190529,0.8,4,614,30,928,610,614,614,195,585,20,10,1
955,20,0.152755,0.7,4,523,27,832,519,523,523,141,497,20,10,1
956,20,0.175742,0.9,4,652,31,960,648,652,652,134,622,20,10,1
957,20,0.144443,0.9,4,488,26,800,484,488,488,128,463,20,10,1
958,20,0.140806,0.6,4,477,26,800,473,477,477,116,452,20,10,1
959,20,0.160214,0.8,4,529,28,864,525,529,529,135,502,20,10,1
960,20,0.187591,0.8,4,612,34,1056,608,612,612,148,579,20,10,1
961,20,0.143251,1,4,497,26,800,493,497,497,156,472,20,10,1
962,20,0.160478,0.9,4,532,28,864,528,532,532,159,505,20,10,1
963,20,0.143543,1,4,494,30,928,490,494,494,137,465,20,10,1
964,20,0.156552,0.8,4,548,26,800,544,548,548,164,523,20,10,1
965,20,0.205905,1,4,669,38,1184,665,669,669,185,632,20,10,1
966,20,0.191544,1,4,603,34,1056,599,603,603,220,570,20,10,1
967,20,0.185035,0.5,4,628,34,1056,624,628,628,151,595,20,10,1
968,20,0.158807,0.5,4,515,27,832,511,515,515,148,489,20,10,1
969,20,0.151979,0.6,4,492,27,832,488,492,492,143,466,20,10,1
970,20,0.183908,0.9,4,622,30,928,618,622,622,139,593,20,10,1
971,20,0.193412,1,4,627,34,1056,623,627,627,173,594,20,10,1
972,20,0.151911,0.7,4,514,29,896,510,514,514,172,486,20,10,1
973,20,0.154303,0.8,4,509,30,928,505,509,509,137,480,20,10,1
974,20,0.140961,0.9,4,483,28,864,479,483,483,167,456,20,10,1
975,20,0.152444,0.7,4,515,27,832,511,515,515,130,489,20,10,1
976,20,0.192377,1,4,613,32,992,609,613,613,204,582,20,10,1
977,20,0.173149,0.6,4,586,29,896,582,586,586,129,558,20,10,1
978,20,0.160914,1,4,530,30,928,526,530,530,194,501,20,10,1
979,20,0.171493,0.7,4,555,32,992,551,555,555,222,524,20,10,1
980,20,0.147607,0.9,4,496,29,896,492,496,496,148,468,20,10,1
981,20,0.260104,1,4,913,44,1376,909,913,913,159,870,20,10,1
982,20,0.216647,0.9,4,690,34,1056,686,690,690,169,657,20,10,1
983,20,0.150156,0.6,4,487,28,864,483,487,487,154,460,20,10,1
984,20,0.189616,0.4,4,627,30,928,623,627,627,148,598,20,10,1
985,20,0.174165,0.8,4,579,29,896,575,579,579,178,551,20,10,1
986,20,0.157378,0.4,4,533,30,928,529,533,533,142,504,20,10,1
987,20,0.170308,1,4,549,29,896,545,549,549,174,521,20,10,1
988,20,0.110754,1,4,411,26,800,407,411,411,120,386,20,10,1
989,20,0.117621,0.5,4,432,24,736,428,432,432,117,409,20,10,1
990,20,0.171304,0.8,4,547,30,928,543,547,547,164,518,20,10,1
991,20,0.179609,0,4,641,33,1024,637,641,641,116,609,20,10,1
992,20,0.166793,1,4,535,36,1120,531,535,535,170,500,20,10,1
993,20,0.177041,0.6,4,589,30,928,585,589,589,144,560,20,10,1
994,20,0.138151,1,4,438,28,864,434,438,438,144,411,20,10,1
995,20,0.162119,0.9,4,538,26,800,534,538,538,138,513,20,10,1
996,20,0.159002,0.3,4,526,27,832,522,526,526,170,500,20,10,1
997,20,0.131115,0.9,4,442,27,832,438,442,442,144,416,20,10,1
998,20,0.138839,0.9,4,467,25,768,463,467,467,144,443,20,10,1
999,20,0.119955,0.5,4,442,23,704,438,442,442,119,420,20,10,1
